Version,Task,Concept,Att1,Att2,Att3,Att4,Att5,Att6,Att7,Att8,Price
1,1,1,3,2,2,1,6,3,1,1,15
1,1,2,3,2,2,3,5,2,2,1,17
1,1,3,3,1,3,3,3,1,1,1,11
1,2,1,1,1,3,4,1,2,1,2,12
1,2,2,1,2,3,2,2,1,1,1,8
1,2,3,3,2,3,3,5,4,2,2,15
1,3,1,3,3,1,4,5,1,1,1,2
1,3,2,3,1,1,2,5,3,2,2,4
1,3,3,2,3,1,1,2,1,2,2,1
1,4,1,2,1,2,3,1,3,2,1,7
1,4,2,3,2,4,4,1,3,1,1,11
1,4,3,3,3,1,4,3,1,1,2,7
1,5,1,1,3,4,2,5,3,1,2,13
1,5,2,3,1,2,1,6,4,1,1,10
1,5,3,3,1,3,4,5,4,2,1,10
1,6,1,1,2,4,1,4,3,2,2,11
1,6,2,2,2,2,2,4,2,2,2,6
1,6,3,1,1,4,3,4,4,2,1,11
1,7,1,1,2,4,2,6,3,1,2,19
1,7,2,3,3,4,1,1,3,1,2,18
1,7,3,2,3,4,2,1,1,2,1,17
1,8,1,1,3,1,3,6,1,1,1,5
1,8,2,1,3,3,4,3,3,1,2,9
1,8,3,2,2,2,2,1,4,1,1,9
1,9,1,3,3,4,1,5,4,2,2,10
1,9,2,1,2,2,1,6,1,2,2,5
1,9,3,3,3,1,4,5,1,2,2,8
1,10,1,2,3,4,1,2,2,2,2,15
1,10,2,3,2,2,4,6,3,2,2,14
1,10,3,1,3,2,3,1,3,1,2,14
1,11,1,3,1,2,2,2,1,1,2,10
1,11,2,1,2,3,1,5,2,1,1,13
1,11,3,2,2,2,4,2,3,1,2,13
1,12,1,2,3,4,1,1,4,2,1,16
1,12,2,1,3,3,2,4,2,1,2,16
1,12,3,3,2,4,2,3,1,2,1,12
2,1,1,1,1,3,3,2,4,2,2,8
2,1,2,3,3,4,1,3,1,2,1,8
2,1,3,3,2,1,2,5,3,1,2,8
2,2,1,1,1,3,2,1,1,2,2,4
2,2,2,2,1,3,1,4,3,2,1,7
2,2,3,3,3,1,1,1,3,1,1,7
2,3,1,3,3,3,3,5,2,1,1,17
2,3,2,3,3,4,1,6,2,2,1,13
2,3,3,2,3,4,2,2,3,2,2,11
2,4,1,3,2,4,3,3,3,2,2,15
2,4,2,3,1,2,4,2,2,1,1,9
2,4,3,1,1,3,4,6,1,1,1,9
2,5,1,3,3,4,1,4,3,1,1,19
2,5,2,2,3,4,4,3,2,1,2,18
2,5,3,2,3,4,3,2,1,1,1,16
2,6,1,3,1,3,3,1,1,1,2,8
2,6,2,2,2,2,4,1,2,1,1,6
2,6,3,3,1,2,2,2,2,1,2,12
2,7,1,1,1,2,1,5,2,2,1,5
2,7,2,3,3,1,4,2,3,1,1,5
2,7,3,2,2,1,4,6,1,1,1,3
2,8,1,2,1,3,2,1,3,1,2,17
2,8,2,2,2,3,4,3,4,1,2,14
2,8,3,1,1,4,1,1,4,2,1,14
2,9,1,2,2,4,4,4,4,2,2,14
2,9,2,1,2,2,2,6,4,2,2,12
2,9,3,2,1,4,2,5,3,1,2,12
2,10,1,1,2,4,3,4,2,2,2,18
2,10,2,2,3,3,2,2,2,2,2,20
2,10,3,2,3,3,1,6,4,1,2,18
2,11,1,1,1,2,3,6,1,2,1,7
2,11,2,2,1,3,2,1,1,2,1,6
2,11,3,3,2,2,4,1,4,1,2,7
2,12,1,1,2,3,2,2,1,1,1,9
2,12,2,2,3,1,1,6,4,1,2,3
2,12,3,3,2,2,2,5,1,2,2,6
3,1,1,3,1,1,1,6,3,1,1,3
3,1,2,1,1,1,3,1,1,1,2,3
3,1,3,3,1,2,1,6,4,2,2,4
3,2,1,3,1,4,3,5,3,1,1,15
3,2,2,3,2,3,2,3,4,2,2,13
3,2,3,2,3,3,3,1,4,1,1,17
3,3,1,3,3,1,3,2,1,2,1,10
3,3,2,2,2,2,3,1,2,1,2,10
3,3,3,2,3,1,2,3,1,1,2,6
3,4,1,1,1,1,2,4,2,2,2,9
3,4,2,2,3,2,1,2,2,2,2,13
3,4,3,1,3,2,4,6,1,1,1,10
3,5,1,1,3,1,3,6,2,2,2,11
3,5,2,1,1,3,3,6,1,2,1,11
3,5,3,1,3,2,1,5,3,2,1,6
3,6,1,1,1,1,3,4,1,1,2,4
3,6,2,2,2,2,4,2,2,2,1,9
3,6,3,1,1,1,1,2,3,2,1,1
3,7,1,2,2,1,4,4,1,1,1,2
3,7,2,1,1,3,3,4,2,2,2,6
3,7,3,1,1,1,2,1,4,2,1,2
3,8,1,2,3,3,3,6,3,1,1,12
3,8,2,2,1,2,2,5,3,2,1,10
3,8,3,1,2,4,3,4,4,1,2,14
3,9,1,2,1,4,3,5,3,2,2,20
3,9,2,1,3,3,3,1,2,2,1,19
3,9,3,3,1,4,3,1,2,1,1,18
3,10,1,2,3,4,2,3,1,2,2,16
3,10,2,3,3,4,4,2,3,1,2,16
3,10,3,2,3,3,1,4,4,2,2,13
3,11,1,2,1,1,1,3,4,1,1,3
3,11,2,2,3,3,2,4,1,2,2,12
3,11,3,3,3,1,4,3,2,2,2,4
3,12,1,1,2,1,1,5,2,2,1,5
3,12,2,2,2,3,4,2,1,2,1,5
3,12,3,3,2,3,4,1,1,1,1,11
4,1,1,3,3,2,4,3,1,1,2,9
4,1,2,3,1,2,3,4,2,1,1,9
4,1,3,1,2,1,3,4,1,1,1,4
4,2,1,1,3,4,3,2,3,2,1,16
4,2,2,2,2,2,3,5,4,2,2,14
4,2,3,2,1,4,4,2,1,2,1,16
4,3,1,1,2,1,1,6,4,1,1,7
4,3,2,1,1,2,1,2,1,2,1,2
4,3,3,2,3,2,1,6,3,2,2,8
4,4,1,1,1,2,1,1,4,2,2,7
4,4,2,1,2,1,4,3,1,1,2,5
4,4,3,3,1,1,1,4,2,2,2,7
4,5,1,3,2,4,4,5,4,1,1,14
4,5,2,1,1,4,3,2,4,2,2,15
4,5,3,1,2,1,1,6,4,2,1,4
4,6,1,2,2,1,1,3,2,1,1,3
4,6,2,2,1,2,2,4,3,2,1,5
4,6,3,2,1,1,4,1,4,1,2,2
4,7,1,1,1,4,3,2,2,2,2,20
4,7,2,3,3,3,2,2,4,2,1,19
4,7,3,3,3,3,3,2,3,1,1,19
4,8,1,3,2,2,1,4,4,2,1,5
4,8,2,2,1,1,2,4,1,2,2,1
4,8,3,1,3,1,2,5,3,2,1,3
4,9,1,3,2,1,2,4,3,1,2,8
4,9,2,3,2,2,4,3,2,2,1,9
4,9,3,3,2,1,2,5,2,2,2,8
4,10,1,3,1,3,2,3,3,2,2,12
4,10,2,1,3,3,1,4,2,1,1,15
4,10,3,2,2,3,2,1,4,2,1,15
4,11,1,3,2,2,3,5,3,2,1,8
4,11,2,2,1,1,1,2,4,1,1,6
4,11,3,1,2,2,3,2,3,1,2,11
4,12,1,1,2,4,1,6,3,1,2,17
4,12,2,2,2,3,2,6,2,1,2,14
4,12,3,2,3,4,4,4,4,1,2,18
5,1,1,2,2,1,1,6,2,1,1,5
5,1,2,1,2,3,1,2,4,1,1,15
5,1,3,3,2,4,4,4,1,1,2,13
5,2,1,2,2,4,2,2,4,1,2,20
5,2,2,2,1,4,4,4,4,2,1,19
5,2,3,1,3,3,4,2,4,1,1,18
5,3,1,2,2,4,3,3,4,2,1,17
5,3,2,2,1,2,3,1,4,1,2,16
5,3,3,1,1,4,4,3,4,2,2,17
5,4,1,2,2,3,1,3,3,2,2,12
5,4,2,1,1,4,4,2,2,2,1,13
5,4,3,3,2,4,4,3,4,2,2,12
5,5,1,1,2,2,2,5,3,1,1,12
5,5,2,3,3,4,4,3,2,1,1,12
5,5,3,1,2,2,1,6,3,1,1,12
5,6,1,3,1,3,2,3,2,1,2,13
5,6,2,2,3,4,1,4,1,2,1,13
5,6,3,3,3,2,2,6,2,1,2,13
5,7,1,1,2,3,3,1,2,2,2,10
5,7,2,3,3,4,3,2,3,1,2,14
5,7,3,3,3,4,3,3,2,2,2,11
5,8,1,2,1,3,3,4,1,2,1,7
5,8,2,2,3,1,2,5,3,1,2,4
5,8,3,2,3,1,2,4,2,2,1,4
5,9,1,3,2,2,1,5,4,1,1,11
5,9,2,2,2,4,4,6,3,2,1,16
5,9,3,1,1,4,4,5,4,2,2,15
5,10,1,1,1,1,3,2,1,2,1,2
5,10,2,2,2,2,2,3,4,2,2,6
5,10,3,1,2,4,1,4,1,1,2,6
5,11,1,2,1,2,4,1,2,1,2,10
5,11,2,2,3,2,3,3,4,2,1,10
5,11,3,1,3,3,4,6,4,1,2,10
5,12,1,1,2,1,2,5,1,2,1,3
5,12,2,3,1,1,1,3,4,2,2,4
5,12,3,2,2,1,1,2,1,1,2,6
6,1,1,2,2,1,4,2,1,1,1,8
6,1,2,3,3,1,1,2,1,1,2,3
6,1,3,2,3,1,1,6,3,2,2,9
6,2,1,1,2,1,4,6,2,1,2,3
6,2,2,2,3,2,2,1,2,1,2,8
6,2,3,2,1,1,1,6,4,2,1,6
6,3,1,1,2,2,1,6,2,2,1,4
6,3,2,3,3,1,4,3,1,1,1,2
6,3,3,1,3,3,4,4,1,1,2,7
6,4,1,1,1,2,4,5,2,1,2,6
6,4,2,3,3,2,3,1,4,2,1,11
6,4,3,3,1,4,1,6,1,1,1,14
6,5,1,2,2,1,4,6,4,1,1,5
6,5,2,3,3,2,1,4,3,2,2,11
6,5,3,1,2,2,4,3,2,2,2,9
6,6,1,3,1,4,3,4,3,1,1,20
6,6,2,2,3,3,2,6,4,1,2,19
6,6,3,1,3,4,3,5,4,1,1,18
6,7,1,2,3,4,2,2,2,1,2,19
6,7,2,3,1,4,2,4,4,2,2,18
6,7,3,1,1,4,3,3,3,2,2,17
6,8,1,1,2,3,3,3,2,1,1,17
6,8,2,3,1,4,1,1,2,2,1,16
6,8,3,1,1,4,4,3,3,2,2,15
6,9,1,2,1,1,1,1,4,1,1,3
6,9,2,2,1,2,4,3,1,1,1,2
6,9,3,3,2,2,1,4,2,2,1,8
6,10,1,3,2,4,1,5,1,1,1,16
6,10,2,1,1,2,4,2,3,1,2,11
6,10,3,1,1,3,2,3,3,2,2,14
6,11,1,1,3,3,2,1,2,2,1,9
6,11,2,2,3,1,3,1,4,2,1,9
6,11,3,3,2,1,4,5,1,2,2,1
6,12,1,2,1,1,4,2,2,1,2,7
6,12,2,1,1,1,2,3,2,1,2,5
6,12,3,3,3,2,1,5,1,2,1,4
7,1,1,2,2,2,1,3,4,2,2,3
7,1,2,3,3,1,2,3,1,2,2,1
7,1,3,1,1,2,3,2,2,2,1,8
7,2,1,1,1,3,3,6,3,1,2,20
7,2,2,3,2,2,2,1,2,1,1,18
7,2,3,2,3,3,2,4,3,1,1,19
7,3,1,1,2,2,1,6,3,1,2,12
7,3,2,1,1,3,2,1,3,2,1,14
7,3,3,1,3,3,3,4,3,1,1,14
7,4,1,1,3,1,2,2,4,1,2,12
7,4,2,2,1,2,4,5,3,2,2,11
7,4,3,3,3,1,3,6,4,1,2,13
7,5,1,2,1,1,1,4,1,2,1,4
7,5,2,1,3,3,3,4,1,2,2,4
7,5,3,2,1,2,4,6,3,2,1,7
7,6,1,1,3,1,4,4,4,2,1,2
7,6,2,2,1,3,2,1,1,1,2,8
7,6,3,3,1,3,2,5,1,2,2,7
7,7,1,1,1,1,2,6,3,1,1,5
7,7,2,2,2,4,1,5,1,1,2,7
7,7,3,2,3,4,3,3,1,2,2,12
7,8,1,2,1,4,4,6,2,1,1,13
7,8,2,1,2,3,3,3,4,2,2,13
7,8,3,1,1,3,1,5,1,1,1,10
7,9,1,2,3,2,2,4,2,1,2,15
7,9,2,1,1,2,4,2,3,1,1,14
7,9,3,1,3,4,4,2,1,1,2,16
7,10,1,1,2,3,3,1,4,2,1,15
7,10,2,2,2,4,3,1,3,2,1,17
7,10,3,3,3,3,3,5,2,1,1,16
7,11,1,1,1,4,4,2,2,2,2,18
7,11,2,3,3,3,4,3,3,1,2,17
7,11,3,3,1,2,2,4,3,1,1,16
7,12,1,3,3,3,1,2,3,1,2,15
7,12,2,1,3,2,3,2,4,2,1,10
7,12,3,2,2,1,3,1,4,1,2,10
8,1,1,2,3,4,1,3,2,2,2,16
8,1,2,3,1,4,3,1,4,2,1,17
8,1,3,3,3,2,4,6,4,2,1,16
8,2,1,3,2,4,3,4,3,1,2,20
8,2,2,1,3,3,2,3,2,1,1,18
8,2,3,3,3,3,2,1,4,2,2,19
8,3,1,1,3,1,4,4,4,2,2,5
8,3,2,1,3,1,1,4,4,1,2,9
8,3,3,3,3,1,3,5,2,1,1,10
8,4,1,1,1,4,1,5,3,2,1,11
8,4,2,3,1,4,4,3,4,2,2,15
8,4,3,2,3,1,2,1,4,2,1,10
8,5,1,1,2,2,2,6,1,2,2,3
8,5,2,2,2,2,1,5,4,2,1,6
8,5,3,2,2,3,1,4,1,2,2,2
8,6,1,2,3,3,4,6,4,1,1,15
8,6,2,3,3,2,4,5,2,1,1,15
8,6,3,3,1,2,2,3,2,1,2,14
8,7,1,2,1,2,2,2,2,1,1,9
8,7,2,3,3,3,1,4,2,1,2,12
8,7,3,2,3,3,1,5,1,2,1,9
8,8,1,2,2,1,3,6,1,2,1,5
8,8,2,2,2,1,4,6,2,2,1,5
8,8,3,2,1,3,2,1,2,2,2,7
8,9,1,3,2,4,4,6,1,1,1,17
8,9,2,3,2,3,2,2,4,2,1,18
8,9,3,1,1,3,1,6,2,1,1,13
8,10,1,1,1,3,4,2,3,2,1,9
8,10,2,3,2,3,1,4,2,1,2,11
8,10,3,1,1,1,3,5,3,1,2,6
8,11,1,1,1,1,4,1,2,1,1,4
8,11,2,2,2,1,3,2,1,1,1,8
8,11,3,3,1,1,4,5,4,2,2,6
8,12,1,2,2,3,2,3,3,2,1,16
8,12,2,3,2,3,2,5,1,2,2,13
8,12,3,1,3,2,2,6,3,1,2,14
9,1,1,2,2,3,1,5,3,2,2,11
9,1,2,3,1,2,2,4,2,1,2,8
9,1,3,3,1,3,3,4,2,1,2,16
9,2,1,1,2,3,4,3,1,2,1,2
9,2,2,2,3,2,4,4,4,1,1,6
9,2,3,1,2,3,2,1,1,1,1,10
9,3,1,3,2,4,3,5,4,1,1,13
9,3,2,2,1,3,3,2,1,1,1,10
9,3,3,3,3,2,4,5,2,2,1,7
9,4,1,1,1,2,3,1,1,2,2,7
9,4,2,1,3,1,4,3,2,2,2,1
9,4,3,3,2,3,1,5,1,2,2,5
9,5,1,3,2,1,2,6,2,2,2,5
9,5,2,1,2,2,1,3,3,1,1,4
9,5,3,1,1,3,4,3,1,2,2,2
9,6,1,1,3,1,3,5,2,1,1,10
9,6,2,1,3,4,3,1,1,1,1,11
9,6,3,1,1,2,1,2,4,1,2,9
9,7,1,3,3,4,2,5,2,2,2,11
9,7,2,3,2,2,4,5,2,2,1,9
9,7,3,2,3,2,3,5,1,2,1,7
9,8,1,2,3,2,1,3,2,2,1,8
9,8,2,2,1,1,3,1,3,2,1,4
9,8,3,3,1,1,4,2,4,2,2,3
9,9,1,3,2,3,2,5,3,1,1,16
9,9,2,3,1,3,4,3,3,1,2,14
9,9,3,2,3,4,2,2,3,1,1,17
9,10,1,2,1,3,2,6,4,1,2,12
9,10,2,1,2,1,3,4,1,1,2,4
9,10,3,2,3,1,4,4,2,1,1,8
9,11,1,3,2,4,1,1,4,2,2,12
9,11,2,3,2,1,3,6,3,1,1,12
9,11,3,1,2,4,1,3,4,2,2,12
9,12,1,3,2,3,1,4,1,1,2,6
9,12,2,1,2,2,3,6,1,1,1,6
9,12,3,1,2,2,1,3,1,1,2,3
10,1,1,3,1,3,3,4,3,2,1,13
10,1,2,3,1,4,3,1,2,2,1,13
10,1,3,3,1,3,4,2,2,2,2,13
10,2,1,3,3,4,2,6,3,1,2,14
10,2,2,1,3,3,2,1,3,2,2,13
10,2,3,2,3,3,1,6,3,2,2,11
10,3,1,3,3,1,2,1,1,2,1,4
10,3,2,2,2,1,1,4,2,2,1,2
10,3,3,2,1,1,4,5,1,2,1,7
10,4,1,1,1,2,1,3,1,1,2,6
10,4,2,2,1,2,4,3,2,2,2,6
10,4,3,2,1,1,4,1,4,1,1,7
10,5,1,3,3,2,1,5,2,2,2,13
10,5,2,1,1,2,1,6,3,2,1,10
10,5,3,3,3,4,1,6,1,2,2,14
10,6,1,2,2,1,3,3,1,1,2,1
10,6,2,1,1,1,4,5,4,1,2,5
10,6,3,2,1,1,3,3,4,1,1,8
10,7,1,2,2,3,2,2,3,1,2,13
10,7,2,3,1,4,1,6,3,1,1,18
10,7,3,3,1,3,3,4,3,1,2,17
10,8,1,2,3,2,2,3,3,1,2,8
10,8,2,2,3,1,1,1,4,2,1,8
10,8,3,1,1,3,2,5,3,2,1,9
10,9,1,2,2,3,4,4,4,1,2,7
10,9,2,3,2,1,3,1,2,1,1,8
10,9,3,1,2,3,4,1,1,2,2,3
10,10,1,1,2,4,1,6,4,2,2,19
10,10,2,2,2,4,2,4,4,2,2,19
10,10,3,2,2,4,3,2,2,1,1,20
10,11,1,1,3,4,1,1,4,2,2,15
10,11,2,1,1,3,4,3,4,1,1,6
10,11,3,3,2,2,4,1,1,1,2,4
10,12,1,3,2,2,2,4,3,2,2,7
10,12,2,3,3,2,3,6,2,2,2,9
10,12,3,3,1,2,4,5,2,2,2,5
11,1,1,1,1,4,3,3,4,1,1,18
11,1,2,2,2,4,3,1,4,2,1,17
11,1,3,1,1,4,4,5,2,2,1,15
11,2,1,3,1,3,2,5,3,1,1,18
11,2,2,2,3,3,1,2,3,1,1,20
11,2,3,3,3,3,3,3,4,2,2,19
11,3,1,3,1,3,4,4,1,1,2,4
11,3,2,2,2,1,2,6,4,2,1,6
11,3,3,1,1,1,4,1,3,1,2,4
11,4,1,3,3,2,2,6,1,1,1,9
11,4,2,2,2,2,3,5,4,1,2,9
11,4,3,1,1,1,4,5,4,1,1,2
11,5,1,3,3,4,2,3,3,1,2,11
11,5,2,1,2,2,2,4,2,1,1,11
11,5,3,1,1,2,2,1,2,2,2,10
11,6,1,1,2,3,3,6,2,2,2,10
11,6,2,2,3,4,2,1,2,2,1,14
11,6,3,2,1,3,1,5,2,2,2,5
11,7,1,3,1,4,4,3,3,2,2,13
11,7,2,1,1,3,3,2,1,1,1,7
11,7,3,1,3,1,3,6,3,1,1,6
11,8,1,3,1,4,2,5,1,2,1,14
11,8,2,3,3,1,2,1,2,2,2,11
11,8,3,2,3,2,4,2,1,1,1,12
11,9,1,2,1,1,3,2,2,2,1,9
11,9,2,2,2,1,3,2,4,2,2,5
11,9,3,1,1,4,1,4,1,1,1,10
11,10,1,3,2,1,4,3,3,2,2,5
11,10,2,2,3,2,4,1,1,1,1,8
11,10,3,2,3,4,1,1,3,1,1,15
11,11,1,2,2,3,3,6,1,1,2,8
11,11,2,2,3,1,3,6,1,2,2,3
11,11,3,1,3,1,4,2,1,1,1,3
11,12,1,3,2,4,1,1,2,1,2,16
11,12,2,3,1,4,3,6,1,2,2,12
11,12,3,1,3,2,4,2,4,1,2,12
12,1,1,1,2,4,1,5,2,1,1,15
12,1,2,1,1,4,2,4,3,1,2,16
12,1,3,3,3,1,3,6,4,2,1,13
12,2,1,2,3,3,4,4,2,1,1,15
12,2,2,2,1,4,2,5,3,2,1,16
12,2,3,1,3,3,1,3,3,1,1,15
12,3,1,1,2,4,1,6,1,1,1,11
12,3,2,2,2,4,3,4,3,1,2,11
12,3,3,1,3,2,4,2,3,2,2,10
12,4,1,3,1,2,2,4,1,2,1,3
12,4,2,3,3,2,1,6,1,1,2,4
12,4,3,3,2,2,1,4,3,1,2,5
12,5,1,2,1,1,2,4,1,1,1,5
12,5,2,2,3,1,1,1,1,1,2,2
12,5,3,1,2,4,1,1,1,1,2,6
12,6,1,3,2,2,2,4,4,1,1,10
12,6,2,1,3,4,2,2,4,2,2,14
12,6,3,1,3,2,4,4,4,1,1,7
12,7,1,1,2,1,3,3,1,2,2,4
12,7,2,1,2,3,4,2,4,2,1,7
12,7,3,3,3,3,4,2,3,2,2,12
12,8,1,2,3,3,2,3,4,2,1,18
12,8,2,2,2,3,2,1,3,1,2,20
12,8,3,3,1,2,3,3,2,1,1,17
12,9,1,3,2,4,2,6,4,1,2,19
12,9,2,2,3,4,1,3,4,2,1,18
12,9,3,2,3,4,4,4,2,2,2,19
12,10,1,3,3,4,3,5,4,2,2,17
12,10,2,3,2,3,3,2,2,2,1,17
12,10,3,1,1,4,2,2,2,2,2,14
12,11,1,1,3,3,3,4,2,2,1,16
12,11,2,1,2,2,1,6,4,1,2,12
12,11,3,1,2,4,1,3,3,2,2,16
12,12,1,1,1,1,2,5,1,1,2,1
12,12,2,3,1,1,1,2,2,1,1,3
12,12,3,1,3,1,4,6,3,2,1,6
13,1,1,3,2,2,3,1,4,2,2,10
13,1,2,1,2,4,3,1,3,1,1,11
13,1,3,3,1,3,2,1,3,2,2,8
13,2,1,3,2,3,1,4,2,1,1,14
13,2,2,2,3,1,4,4,2,1,2,4
13,2,3,1,1,1,1,3,4,1,2,1
13,3,1,2,2,4,4,6,4,1,1,15
13,3,2,2,1,2,3,3,4,1,1,9
13,3,3,2,2,4,4,1,4,1,2,12
13,4,1,1,1,1,2,6,1,1,2,3
13,4,2,1,3,1,3,2,2,2,1,4
13,4,3,1,1,2,2,4,3,2,2,5
13,5,1,2,3,4,3,6,2,1,1,14
13,5,2,3,3,3,3,3,1,2,2,8
13,5,3,2,2,2,4,4,1,1,1,2
13,6,1,3,2,1,2,1,1,2,2,2
13,6,2,2,3,1,2,5,1,2,1,9
13,6,3,2,3,2,2,5,3,2,2,9
13,7,1,2,1,4,1,6,2,2,1,15
13,7,2,3,1,4,1,5,4,2,1,14
13,7,3,1,2,2,3,3,2,1,1,14
13,8,1,2,3,4,4,1,1,2,2,8
13,8,2,2,3,2,4,1,1,2,1,4
13,8,3,2,2,1,1,2,3,2,2,3
13,9,1,3,2,2,3,3,3,1,2,15
13,9,2,3,2,4,2,6,4,2,1,19
13,9,3,3,1,4,3,4,4,2,1,16
13,10,1,3,3,1,4,1,2,1,1,7
13,10,2,1,3,1,2,2,1,1,1,5
13,10,3,3,3,1,2,3,4,2,1,6
13,11,1,2,3,1,2,4,4,1,2,9
13,11,2,2,2,2,4,1,4,2,2,8
13,11,3,1,1,2,4,3,4,2,1,8
13,12,1,1,2,4,3,5,2,2,2,18
13,12,2,2,2,3,2,5,4,1,2,20
13,12,3,2,1,4,3,2,3,1,1,17
14,1,1,3,1,1,1,1,2,2,1,7
14,1,2,1,2,2,2,3,3,2,1,9
14,1,3,2,1,1,2,4,3,1,1,6
14,2,1,1,1,2,4,6,4,2,2,4
14,2,2,1,1,1,1,1,2,1,2,3
14,2,3,3,1,2,3,3,4,2,1,7
14,3,1,1,2,2,3,5,2,1,2,11
14,3,2,3,2,3,2,2,3,2,1,13
14,3,3,2,2,3,2,2,2,1,2,11
14,4,1,2,3,4,4,4,4,2,2,15
14,4,2,2,1,3,3,4,2,1,2,17
14,4,3,1,1,4,1,3,4,2,1,13
14,5,1,2,3,4,3,6,1,2,2,17
14,5,2,3,3,2,4,2,3,1,1,13
14,5,3,3,1,4,1,4,3,1,2,16
14,6,1,3,2,3,2,1,4,1,1,10
14,6,2,1,1,3,1,6,3,2,1,10
14,6,3,3,2,2,3,6,3,2,2,10
14,7,1,2,2,1,4,4,4,1,2,2
14,7,2,3,1,2,3,5,2,2,2,9
14,7,3,1,1,1,4,1,3,2,1,2
14,8,1,3,2,4,1,5,2,2,2,18
14,8,2,3,2,4,1,6,4,2,1,20
14,8,3,3,1,4,2,3,3,1,1,19
14,9,1,2,3,1,1,2,2,2,1,11
14,9,2,2,2,2,4,5,1,2,1,3
14,9,3,2,1,3,3,4,3,2,1,12
14,10,1,2,1,4,4,3,1,1,2,11
14,10,2,3,1,4,1,5,2,1,2,12
14,10,3,1,3,4,1,5,2,1,2,14
14,11,1,2,1,1,3,6,3,1,1,7
14,11,2,3,2,1,1,6,4,2,2,6
14,11,3,1,3,1,4,5,4,1,1,3
14,12,1,1,2,3,4,3,1,2,1,5
14,12,2,1,1,2,2,6,1,2,1,8
14,12,3,3,2,2,3,4,1,1,2,12
15,1,1,1,2,1,1,1,1,2,1,1
15,1,2,1,1,1,4,2,3,1,2,5
15,1,3,3,1,3,1,5,1,1,2,5
15,2,1,1,1,1,4,1,3,2,2,2
15,2,2,1,1,4,1,4,1,2,2,4
15,2,3,2,2,1,1,5,1,1,2,4
15,3,1,1,2,1,1,4,2,1,1,6
15,3,2,1,3,1,1,2,1,2,2,3
15,3,3,3,1,2,4,3,4,1,1,6
15,4,1,2,3,3,2,1,2,2,1,20
15,4,2,2,3,3,3,6,2,2,2,19
15,4,3,1,2,4,3,2,4,1,1,19
15,5,1,2,3,4,1,6,1,1,1,18
15,5,2,3,3,4,2,1,3,1,1,16
15,5,3,2,3,4,3,4,2,2,1,15
15,6,1,2,3,2,1,3,2,2,1,10
15,6,2,3,2,3,1,5,4,1,1,14
15,6,3,3,1,2,2,3,3,2,2,13
15,7,1,1,3,2,4,6,3,2,2,11
15,7,2,1,3,1,3,5,2,1,1,6
15,7,3,2,1,3,3,3,1,1,2,5
15,8,1,2,3,3,1,5,3,2,2,14
15,8,2,1,3,2,4,1,1,2,1,3
15,8,3,2,3,2,4,6,4,1,2,12
15,9,1,3,3,1,2,4,2,2,2,4
15,9,2,1,2,4,1,1,1,1,1,14
15,9,3,3,2,3,4,4,3,2,2,10
15,10,1,1,3,4,1,3,2,1,2,13
15,10,2,1,1,3,2,2,4,2,1,12
15,10,3,2,1,2,1,2,2,2,2,7
15,11,1,3,2,2,4,1,1,1,2,5
15,11,2,2,1,2,2,1,2,2,1,12
15,11,3,1,1,3,4,6,1,2,1,3
15,12,1,3,3,2,3,2,4,2,1,13
15,12,2,2,1,4,4,2,1,2,2,13
15,12,3,3,2,2,1,6,1,2,1,2
16,1,1,2,2,2,2,2,4,2,1,8
16,1,2,2,2,1,3,4,4,1,2,8
16,1,3,3,2,2,2,6,4,1,2,11
16,2,1,3,3,1,1,5,3,1,1,11
16,2,2,3,2,1,2,5,2,2,1,7
16,2,3,1,1,2,2,5,2,1,2,11
16,3,1,3,3,3,2,1,3,1,1,16
16,3,2,3,2,4,2,6,3,1,1,17
16,3,3,1,2,3,4,6,3,2,2,14
16,4,1,2,1,1,4,1,4,1,1,8
16,4,2,3,1,3,1,5,1,1,2,9
16,4,3,3,2,3,3,5,1,1,2,11
16,5,1,2,3,1,3,6,3,1,1,8
16,5,2,1,3,4,1,3,2,2,1,15
16,5,3,3,3,1,1,2,4,2,2,7
16,6,1,3,1,3,1,4,1,2,2,2
16,6,2,1,2,2,2,4,2,2,2,5
16,6,3,3,2,1,3,6,4,1,1,6
16,7,1,1,2,4,4,4,3,1,1,16
16,7,2,2,2,2,1,6,3,1,1,10
16,7,3,2,1,4,4,5,2,2,1,17
16,8,1,2,1,3,4,3,4,2,1,9
16,8,2,3,1,3,4,5,3,1,1,10
16,8,3,2,3,4,4,4,1,1,1,9
16,9,1,1,2,1,2,6,2,1,1,4
16,9,2,2,2,1,2,6,1,2,2,4
16,9,3,1,3,3,1,3,3,1,2,7
16,10,1,1,3,2,4,4,1,1,1,4
16,10,2,1,2,3,4,3,4,1,1,7
16,10,3,1,1,2,3,4,3,2,1,6
16,11,1,2,1,4,4,3,1,1,1,9
16,11,2,1,1,4,3,3,3,2,2,15
16,11,3,1,3,4,3,2,3,1,2,18
16,12,1,3,3,4,3,2,2,2,1,20
16,12,2,3,1,4,2,1,2,2,1,19
16,12,3,3,2,3,1,1,2,1,2,17
17,1,1,2,2,3,4,4,4,1,1,13
17,1,2,2,3,4,3,6,4,1,2,14
17,1,3,3,3,4,4,3,1,2,1,14
17,2,1,2,1,1,1,6,1,1,1,3
17,2,2,1,2,1,2,6,3,2,1,3
17,2,3,2,2,1,2,1,3,2,1,9
17,3,1,2,2,1,2,2,2,1,2,6
17,3,2,2,1,2,3,2,1,2,2,5
17,3,3,1,2,2,1,1,1,1,1,6
17,4,1,2,3,3,3,1,3,2,1,12
17,4,2,3,2,2,2,2,2,2,2,12
17,4,3,2,3,4,2,1,3,2,2,15
17,5,1,2,1,2,3,5,2,2,1,13
17,5,2,3,2,2,1,2,3,1,1,15
17,5,3,2,3,1,3,5,4,2,2,12
17,6,1,2,2,4,1,3,4,1,1,19
17,6,2,3,3,3,2,1,4,1,2,14
17,6,3,3,2,4,3,5,4,2,2,18
17,7,1,2,3,1,2,4,1,1,1,2
17,7,2,3,2,3,4,4,3,2,1,10
17,7,3,1,1,1,1,6,4,1,1,10
17,8,1,2,1,4,2,3,2,1,2,17
17,8,2,1,1,4,4,2,1,2,2,14
17,8,3,3,3,3,1,4,3,1,2,17
17,9,1,3,2,1,4,5,1,2,2,1
17,9,2,2,3,3,3,5,1,2,1,8
17,9,3,3,2,1,3,6,3,2,1,8
17,10,1,1,3,2,4,3,4,2,2,10
17,10,2,2,1,2,2,5,2,1,2,11
17,10,3,1,3,1,4,5,2,1,2,10
17,11,1,3,1,3,3,1,2,1,2,13
17,11,2,2,3,2,3,5,2,2,2,7
17,11,3,1,2,1,3,4,2,1,1,5
17,12,1,1,3,2,2,6,3,1,2,16
17,12,2,3,3,4,2,4,3,1,2,16
17,12,3,3,1,2,4,2,3,1,2,12
18,1,1,3,1,3,2,3,2,2,2,16
18,1,2,3,1,3,1,6,4,1,1,17
18,1,3,1,3,3,2,3,1,1,1,12
18,2,1,2,3,2,1,6,3,2,1,7
18,2,2,1,1,2,2,4,4,2,1,6
18,2,3,3,2,1,4,4,4,1,2,5
18,3,1,3,1,1,2,3,1,1,1,5
18,3,2,2,2,1,2,2,1,1,1,9
18,3,3,3,2,1,3,2,4,2,2,9
18,4,1,3,2,1,3,1,1,1,2,7
18,4,2,2,3,2,4,6,1,2,2,10
18,4,3,3,2,1,3,2,2,2,2,11
18,5,1,2,2,4,1,6,3,1,1,13
18,5,2,1,1,3,2,4,2,2,2,13
18,5,3,1,1,2,1,1,3,2,2,5
18,6,1,1,1,3,3,3,4,2,1,13
18,6,2,2,3,1,1,4,4,1,2,3
18,6,3,2,1,3,4,5,1,1,2,7
18,7,1,3,1,1,1,2,3,2,2,4
18,7,2,3,2,1,4,1,4,2,2,2
18,7,3,1,3,2,3,3,1,1,1,4
18,8,1,1,1,2,1,4,2,1,2,4
18,8,2,1,1,2,2,3,4,1,2,7
18,8,3,1,1,3,2,5,3,1,2,9
18,9,1,1,3,4,1,2,2,1,1,17
18,9,2,1,1,4,1,2,4,1,2,17
18,9,3,3,2,4,2,2,2,1,2,18
18,10,1,1,2,1,1,6,3,2,1,6
18,10,2,2,3,2,4,3,3,2,1,9
18,10,3,3,2,2,3,5,4,2,2,9
18,11,1,1,1,4,2,2,3,2,1,20
18,11,2,2,3,3,3,5,2,1,2,18
18,11,3,3,3,4,3,4,4,2,2,19
18,12,1,3,2,3,3,3,3,2,1,16
18,12,2,2,3,3,2,2,1,2,1,6
18,12,3,3,2,1,4,3,3,1,1,3
19,1,1,3,3,2,1,4,1,2,1,10
19,1,2,3,3,1,2,4,2,1,1,11
19,1,3,3,1,2,3,2,4,1,2,12
19,2,1,2,2,4,4,6,4,1,2,14
19,2,2,2,1,4,2,1,2,1,1,11
19,2,3,2,1,3,1,2,3,1,1,11
19,3,1,1,2,2,1,4,2,1,2,11
19,3,2,3,3,1,1,1,2,1,2,5
19,3,3,2,2,3,4,4,1,1,1,8
19,4,1,2,3,3,3,5,2,2,2,17
19,4,2,2,3,3,3,3,2,1,1,18
19,4,3,1,1,4,2,1,1,1,1,17
19,5,1,2,1,3,3,6,4,2,1,12
19,5,2,1,3,2,4,5,4,1,1,8
19,5,3,1,1,2,2,3,1,1,1,4
19,6,1,1,3,3,2,1,4,1,2,19
19,6,2,3,2,4,3,3,2,2,2,20
19,6,3,3,3,3,1,5,3,2,1,15
19,7,1,1,3,3,2,3,1,2,2,4
19,7,2,1,1,1,4,5,3,2,2,2
19,7,3,1,3,3,1,2,1,2,2,4
19,8,1,3,1,4,4,3,4,2,2,15
19,8,2,2,2,2,4,6,3,2,1,12
19,8,3,1,1,1,3,5,3,1,2,8
19,9,1,2,1,1,1,2,2,2,1,3
19,9,2,1,2,3,1,4,1,2,1,8
19,9,3,2,1,3,2,2,1,2,1,8
19,10,1,2,2,2,4,3,3,1,2,10
19,10,2,3,3,2,4,4,1,2,1,2
19,10,3,1,2,3,1,2,2,2,1,14
19,11,1,1,3,3,2,4,3,2,2,12
19,11,2,1,2,4,3,6,4,2,2,16
19,11,3,2,3,4,1,5,4,2,1,16
19,12,1,3,3,4,1,2,1,2,2,8
19,12,2,1,2,3,1,4,2,2,2,5
19,12,3,2,1,3,2,6,1,1,2,6
20,1,1,2,3,1,4,1,1,1,1,3
20,1,2,2,3,4,1,4,1,2,1,10
20,1,3,1,1,1,2,3,1,1,1,1
20,2,1,3,3,1,3,6,1,1,1,6
20,2,2,3,1,1,3,3,2,1,1,10
20,2,3,3,3,1,4,5,4,2,2,4
20,3,1,2,2,1,4,3,4,1,1,9
20,3,2,3,2,2,1,3,1,2,2,6
20,3,3,3,3,2,2,6,4,1,1,11
20,4,1,1,2,2,3,1,1,1,1,9
20,4,2,3,2,3,4,4,4,2,2,13
20,4,3,2,2,3,3,1,3,2,2,13
20,5,1,1,2,4,3,6,1,1,1,15
20,5,2,2,2,3,3,2,2,2,1,14
20,5,3,1,1,4,1,3,3,1,1,18
20,6,1,2,1,2,4,2,3,1,2,7
20,6,2,3,1,1,2,2,4,1,2,7
20,6,3,2,3,3,3,5,1,2,1,11
20,7,1,2,1,4,1,1,4,2,1,13
20,7,2,3,3,3,2,6,1,2,2,13
20,7,3,1,3,2,4,1,4,1,2,12
20,8,1,3,3,3,3,5,2,1,1,16
20,8,2,3,2,4,3,4,2,2,2,11
20,8,3,3,1,3,4,4,3,2,1,6
20,9,1,1,3,3,2,2,2,1,1,10
20,9,2,3,3,2,1,4,2,1,2,9
20,9,3,2,2,1,4,6,3,1,1,5
20,10,1,2,3,4,4,6,1,1,1,17
20,10,2,2,3,3,4,4,2,2,1,13
20,10,3,1,1,4,4,2,3,1,2,13
20,11,1,3,1,4,3,5,4,1,2,15
20,11,2,3,1,3,4,5,2,2,2,14
20,11,3,1,1,4,4,1,3,2,1,14
20,12,1,2,1,3,1,5,1,1,2,7
20,12,2,2,2,1,2,1,4,2,2,3
20,12,3,3,3,1,3,6,2,1,2,8
21,1,1,1,3,4,1,1,3,2,1,19
21,1,2,1,3,3,3,1,2,1,2,17
21,1,3,3,3,3,4,2,3,1,1,15
21,2,1,1,2,1,1,1,3,1,2,3
21,2,2,2,3,1,1,5,2,2,2,5
21,2,3,1,3,2,2,5,1,1,2,12
21,3,1,2,1,1,3,4,3,2,2,4
21,3,2,2,1,2,2,3,1,1,2,7
21,3,3,3,2,2,3,4,4,2,2,10
21,4,1,3,2,4,4,5,3,2,1,14
21,4,2,3,2,4,1,2,1,2,2,14
21,4,3,2,2,1,1,6,3,1,1,5
21,5,1,1,2,2,2,2,2,1,1,12
21,5,2,2,2,3,4,4,2,1,2,11
21,5,3,2,1,3,2,5,4,1,1,12
21,6,1,2,3,4,2,4,2,2,1,15
21,6,2,3,3,4,4,2,1,2,2,9
21,6,3,2,2,1,3,2,2,2,1,8
21,7,1,1,3,1,2,3,1,2,2,1
21,7,2,2,1,1,4,1,2,2,2,3
21,7,3,3,1,2,1,3,4,2,2,3
21,8,1,1,2,2,2,6,2,1,2,16
21,8,2,1,2,4,2,4,2,2,1,18
21,8,3,2,2,4,4,3,3,1,2,16
21,9,1,1,1,1,2,3,2,1,2,2
21,9,2,3,2,1,2,5,3,2,1,6
21,9,3,3,3,2,4,5,1,2,1,6
21,10,1,3,2,3,3,2,2,1,1,18
21,10,2,1,3,4,2,1,1,1,1,14
21,10,3,1,1,4,4,2,3,2,2,19
21,11,1,2,1,3,2,5,2,2,1,16
21,11,2,2,2,2,4,1,4,1,1,9
21,11,3,2,2,4,4,3,4,1,1,16
21,12,1,1,3,2,2,1,1,1,2,7
21,12,2,2,1,4,1,1,3,2,2,10
21,12,3,1,1,2,1,5,2,1,1,4
22,1,1,1,2,1,1,5,1,1,1,3
22,1,2,3,2,3,1,6,1,1,2,5
22,1,3,3,1,2,2,5,1,1,1,4
22,2,1,2,1,4,2,1,3,2,2,19
22,2,2,2,2,4,3,6,4,1,1,18
22,2,3,1,3,3,2,1,3,1,1,18
22,3,1,1,3,4,1,5,2,1,1,14
22,3,2,3,2,2,4,1,3,1,2,14
22,3,3,2,3,4,1,3,4,1,2,16
22,4,1,3,2,1,3,4,1,2,2,5
22,4,2,3,2,2,1,4,4,2,2,5
22,4,3,3,3,2,1,5,1,2,2,5
22,5,1,3,1,1,1,5,2,1,2,3
22,5,2,3,3,1,4,3,2,2,1,4
22,5,3,1,2,2,1,5,3,2,1,12
22,6,1,3,3,1,3,6,2,1,2,11
22,6,2,1,1,4,2,2,4,1,2,13
22,6,3,1,2,2,3,2,3,1,1,11
22,7,1,3,3,2,3,5,2,2,2,8
22,7,2,3,3,3,3,2,3,2,1,16
22,7,3,2,3,1,3,1,4,1,2,8
22,8,1,1,2,3,3,4,1,1,1,8
22,8,2,1,3,2,1,6,4,1,2,6
22,8,3,3,1,1,1,3,4,2,1,2
22,9,1,2,2,4,4,2,3,1,2,20
22,9,2,2,3,4,2,3,1,1,2,19
22,9,3,3,3,4,3,2,4,2,1,17
22,10,1,1,3,1,3,2,1,2,1,6
22,10,2,3,3,2,3,1,1,2,2,6
22,10,3,2,1,3,4,6,2,2,2,7
22,11,1,2,3,4,1,3,1,2,2,13
22,11,2,1,3,4,3,6,4,2,2,15
22,11,3,3,1,2,3,4,4,1,1,13
22,12,1,1,1,4,4,4,3,2,1,12
22,12,2,1,2,4,3,4,3,2,2,15
22,12,3,2,3,3,4,3,1,2,1,7
23,1,1,1,1,2,4,2,2,2,2,9
23,1,2,2,2,1,2,1,4,2,2,4
23,1,3,1,1,1,2,5,2,2,1,4
23,2,1,1,3,3,1,1,3,2,1,7
23,2,2,3,2,1,2,1,1,1,1,3
23,2,3,2,1,2,1,3,4,2,1,7
23,3,1,2,1,2,1,5,4,1,1,10
23,3,2,1,1,2,4,4,4,2,2,9
23,3,3,1,1,3,4,1,1,1,2,9
23,4,1,3,1,3,3,6,2,1,1,15
23,4,2,1,1,3,4,5,2,1,2,10
23,4,3,2,3,2,3,5,1,1,2,7
23,5,1,2,1,2,1,2,3,2,2,4
23,5,2,1,1,1,1,1,2,1,2,2
23,5,3,1,2,2,3,1,1,2,1,3
23,6,1,3,2,3,1,4,3,1,2,15
23,6,2,1,3,2,3,6,1,2,2,10
23,6,3,3,1,2,4,5,1,1,1,5
23,7,1,3,3,4,4,1,3,2,1,19
23,7,2,2,1,3,4,4,3,1,1,10
23,7,3,3,3,2,4,2,4,1,2,16
23,8,1,2,1,4,4,2,2,1,1,12
23,8,2,3,1,2,2,6,3,1,1,9
23,8,3,1,3,2,1,5,2,2,1,7
23,9,1,1,1,3,3,3,1,1,1,9
23,9,2,3,2,2,2,3,3,2,1,9
23,9,3,2,1,4,4,3,4,2,2,10
23,10,1,3,2,4,2,3,2,2,2,17
23,10,2,2,1,3,3,1,2,2,1,15
23,10,3,1,2,4,4,1,4,1,1,20
23,11,1,2,2,4,2,5,4,1,1,18
23,11,2,3,2,3,2,6,4,2,1,19
23,11,3,3,3,4,1,1,4,1,2,16
23,12,1,2,2,4,4,4,2,2,1,10
23,12,2,2,2,4,1,1,3,2,2,14
23,12,3,2,1,3,3,2,1,2,2,5
24,1,1,1,3,1,3,5,1,1,1,8
24,1,2,1,2,2,2,1,2,2,2,13
24,1,3,2,1,1,4,1,3,1,2,6
24,2,1,3,3,1,3,2,2,1,2,6
24,2,2,1,1,1,1,4,3,1,2,1
24,2,3,2,2,1,1,2,4,2,1,2
24,3,1,2,3,4,2,6,4,2,1,11
24,3,2,1,3,3,2,4,3,2,1,10
24,3,3,3,2,2,3,3,4,2,2,7
24,4,1,1,1,4,1,2,1,1,2,11
24,4,2,3,1,3,3,2,3,2,1,16
24,4,3,3,3,3,3,2,1,1,2,16
24,5,1,3,2,2,3,3,3,1,1,13
24,5,2,2,2,2,4,1,4,2,2,8
24,5,3,1,1,1,4,1,2,2,1,3
24,6,1,3,2,3,4,1,1,2,2,12
24,6,2,1,1,3,4,5,4,1,1,12
24,6,3,3,3,1,4,2,4,2,1,11
24,7,1,1,1,4,4,3,2,1,2,15
24,7,2,2,3,3,3,6,1,1,1,14
24,7,3,3,2,2,1,5,4,1,1,12
24,8,1,3,1,3,3,2,1,2,1,14
24,8,2,1,3,1,3,5,1,2,2,2
24,8,3,1,1,3,1,6,3,2,2,12
24,9,1,1,2,3,2,5,3,1,1,17
24,9,2,3,1,4,2,3,1,1,1,12
24,9,3,1,2,3,1,6,4,2,1,10
24,10,1,1,3,2,2,4,4,2,2,11
24,10,2,1,2,3,1,2,3,2,2,8
24,10,3,3,2,1,2,6,2,2,1,6
24,11,1,3,1,4,1,5,3,1,1,13
24,11,2,1,3,3,2,3,2,2,1,11
24,11,3,1,3,2,4,1,1,1,1,8
24,12,1,3,2,1,2,4,2,2,1,3
24,12,2,2,2,4,2,3,1,2,2,8
24,12,3,3,2,1,4,4,3,1,2,4
25,1,1,3,1,1,3,1,3,1,1,9
25,1,2,2,2,1,4,5,1,1,1,1
25,1,3,1,3,2,4,2,4,2,2,5
25,2,1,3,1,1,3,3,4,1,2,6
25,2,2,1,2,2,3,5,2,1,2,11
25,2,3,1,1,1,1,5,3,2,2,3
25,3,1,1,1,4,4,3,4,1,1,17
25,3,2,1,2,3,4,6,2,1,1,18
25,3,3,2,2,4,2,5,1,1,2,20
25,4,1,2,2,3,1,6,1,2,2,4
25,4,2,1,1,1,1,3,1,1,2,4
25,4,3,2,1,1,3,5,3,1,2,7
25,5,1,2,3,4,4,1,4,2,1,14
25,5,2,2,3,2,4,2,4,2,2,12
25,5,3,3,1,2,2,2,4,1,2,14
25,6,1,3,2,2,3,3,4,2,1,13
25,6,2,2,3,4,3,4,4,1,2,13
25,6,3,2,3,3,1,3,2,1,1,13
25,7,1,2,3,1,3,1,2,1,1,9
25,7,2,1,1,3,2,1,4,2,1,8
25,7,3,1,2,1,1,1,2,2,2,5
25,8,1,2,1,3,3,6,3,2,2,16
25,8,2,1,2,4,4,6,1,2,1,16
25,8,3,3,1,2,1,2,2,1,2,14
25,9,1,1,2,4,2,4,4,2,1,15
25,9,2,2,2,3,1,6,4,1,1,15
25,9,3,3,3,1,1,2,2,1,1,11
25,10,1,1,1,1,2,3,3,1,2,2
25,10,2,1,1,1,4,3,3,1,2,2
25,10,3,2,1,1,2,4,2,2,1,4
25,11,1,1,1,3,2,3,3,1,1,17
25,11,2,2,3,4,4,6,1,2,1,17
25,11,3,3,3,2,1,2,2,1,1,15
25,12,1,3,3,1,3,4,1,1,2,9
25,12,2,3,3,1,1,1,3,2,2,3
25,12,3,2,3,2,2,5,4,2,2,13
26,1,1,1,3,4,4,4,3,2,1,18
26,1,2,2,3,3,3,3,4,1,1,19
26,1,3,3,2,4,2,6,4,1,1,20
26,2,1,3,3,2,1,3,2,2,1,10
26,2,2,2,3,3,1,2,3,2,1,11
26,2,3,3,3,2,2,4,2,1,2,10
26,3,1,1,3,2,2,2,2,1,2,8
26,3,2,2,2,1,3,1,1,1,2,3
26,3,3,3,1,1,4,3,3,2,1,5
26,4,1,3,2,4,1,1,1,1,1,15
26,4,2,2,3,4,1,3,3,2,2,15
26,4,3,3,2,3,2,4,4,2,2,15
26,5,1,1,3,4,2,1,4,2,2,14
26,5,2,3,1,1,3,6,4,1,1,14
26,5,3,2,3,4,1,1,1,1,2,14
26,6,1,1,1,2,3,5,3,2,2,5
26,6,2,3,2,3,2,6,3,2,1,14
26,6,3,3,3,4,4,3,3,2,2,10
26,7,1,1,2,1,4,1,1,1,1,4
26,7,2,2,2,1,2,2,3,2,2,8
26,7,3,2,3,3,4,4,1,2,2,7
26,8,1,1,3,2,4,6,4,2,2,7
26,8,2,2,1,2,2,6,4,2,2,7
26,8,3,2,2,1,3,5,2,2,1,5
26,9,1,2,2,4,1,5,3,2,2,17
26,9,2,2,1,3,2,1,3,1,1,16
26,9,3,3,3,2,3,4,3,1,1,12
26,10,1,3,3,4,3,5,2,1,2,18
26,10,2,3,1,2,3,1,3,1,2,17
26,10,3,2,1,4,3,6,4,2,1,19
26,11,1,1,2,4,1,4,4,1,1,17
26,11,2,2,3,2,3,2,3,1,1,16
26,11,3,1,1,4,3,4,1,1,2,16
26,12,1,1,2,1,2,6,1,1,2,6
26,12,2,1,2,3,1,3,1,1,1,6
26,12,3,2,2,2,2,3,1,2,1,6
27,1,1,1,3,2,3,4,1,2,1,4
27,1,2,3,1,1,4,6,3,1,1,11
27,1,3,2,2,1,1,6,2,1,2,9
27,2,1,2,3,2,2,6,2,1,2,18
27,2,2,3,2,4,4,5,4,1,1,19
27,2,3,1,3,3,3,1,2,1,1,17
27,3,1,1,1,1,4,6,2,1,1,3
27,3,2,2,2,1,1,2,1,2,2,1
27,3,3,1,2,1,3,2,3,2,1,6
27,4,1,3,2,1,4,2,2,1,1,12
27,4,2,2,1,1,1,5,1,2,2,4
27,4,3,3,1,4,4,4,1,2,2,13
27,5,1,3,1,2,1,5,1,1,1,5
27,5,2,1,2,2,4,6,2,2,2,5
27,5,3,3,3,1,1,6,3,2,1,5
27,6,1,3,1,3,2,3,1,1,2,13
27,6,2,2,3,3,3,6,1,1,2,16
27,6,3,2,1,3,3,4,4,1,2,16
27,7,1,1,1,3,4,4,4,2,2,7
27,7,2,1,1,3,3,1,1,2,1,9
27,7,3,1,2,1,4,5,4,1,2,6
27,8,1,2,1,3,1,4,2,2,1,8
27,8,2,2,2,2,3,3,2,1,1,9
27,8,3,2,3,1,1,3,2,2,1,2
27,9,1,1,1,4,2,6,1,1,2,13
27,9,2,3,3,3,4,1,1,2,1,12
27,9,3,3,3,2,3,3,2,1,2,17
27,10,1,3,1,1,2,3,3,1,2,11
27,10,2,1,1,3,1,5,1,2,2,6
27,10,3,3,2,1,1,5,1,2,2,2
27,11,1,3,2,2,2,4,1,2,1,6
27,11,2,1,2,3,4,4,2,1,1,15
27,11,3,1,2,3,2,5,2,2,2,9
27,12,1,3,1,4,1,1,3,2,1,15
27,12,2,1,2,3,2,6,4,2,1,11
27,12,3,2,3,4,1,6,4,1,1,20
28,1,1,2,1,3,2,1,2,2,2,7
28,1,2,1,3,4,2,3,3,1,2,13
28,1,3,3,1,4,3,1,1,1,1,17
28,2,1,2,3,3,1,2,4,2,1,15
28,2,2,3,2,3,2,4,3,2,2,16
28,2,3,2,2,2,2,1,3,2,2,12
28,3,1,2,3,4,4,5,3,1,1,15
28,3,2,3,1,4,2,6,4,1,1,20
28,3,3,3,2,3,4,2,4,1,2,14
28,4,1,1,2,2,2,4,4,1,1,8
28,4,2,2,1,3,1,1,2,2,1,11
28,4,3,3,2,1,4,5,4,1,1,8
28,5,1,3,1,1,2,6,4,1,1,12
28,5,2,2,2,3,1,5,3,2,1,14
28,5,3,2,3,2,4,5,2,2,1,13
28,6,1,3,1,3,3,5,4,1,1,10
28,6,2,2,2,4,3,5,4,1,2,12
28,6,3,3,2,2,1,4,4,1,2,7
28,7,1,1,3,2,3,2,4,1,2,18
28,7,2,2,1,4,1,4,3,2,1,16
28,7,3,2,3,3,2,1,3,1,2,19
28,8,1,3,3,4,3,2,1,2,1,16
28,8,2,1,1,4,4,3,2,2,2,14
28,8,3,3,3,1,2,2,3,2,1,11
28,9,1,1,1,2,4,6,4,2,2,4
28,9,2,2,1,1,4,4,1,2,1,2
28,9,3,1,3,1,2,3,4,2,1,5
28,10,1,1,2,2,2,3,3,2,1,10
28,10,2,2,2,1,4,1,1,2,2,3
28,10,3,3,3,2,1,4,2,1,2,10
28,11,1,2,1,4,4,2,2,1,1,19
28,11,2,3,3,4,3,4,2,1,1,17
28,11,3,3,1,4,3,2,1,2,2,18
28,12,1,2,2,4,2,6,1,1,1,13
28,12,2,3,1,3,1,2,3,1,1,13
28,12,3,3,2,3,2,5,1,2,2,8
29,1,1,3,1,4,4,5,3,1,2,14
29,1,2,1,2,3,1,6,3,1,1,8
29,1,3,2,1,2,1,1,2,1,2,6
29,2,1,3,3,2,4,6,2,2,1,10
29,2,2,2,3,2,1,6,3,2,2,6
29,2,3,1,1,1,1,2,2,1,1,2
29,3,1,2,1,1,3,1,3,2,1,4
29,3,2,1,2,2,1,4,4,1,1,4
29,3,3,3,1,1,3,4,1,2,2,3
29,4,1,2,1,3,2,6,3,2,2,17
29,4,2,2,1,4,1,2,2,2,1,18
29,4,3,2,3,4,2,2,1,1,2,19
29,5,1,1,3,4,1,2,4,1,2,18
29,5,2,2,2,4,3,3,1,2,1,18
29,5,3,1,3,3,3,5,3,1,1,16
29,6,1,2,1,1,3,3,4,1,1,9
29,6,2,3,1,1,3,3,3,2,1,5
29,6,3,2,3,1,4,1,2,1,2,6
29,7,1,2,1,1,4,1,1,1,2,1
29,7,2,2,3,1,4,5,2,2,2,5
29,7,3,1,3,2,3,4,3,2,1,8
29,8,1,1,2,2,1,5,1,2,2,5
29,8,2,1,3,1,1,2,2,1,2,7
29,8,3,1,1,4,2,3,1,2,2,9
29,9,1,3,1,3,3,2,3,2,1,15
29,9,2,2,2,2,3,3,4,1,2,11
29,9,3,1,2,2,3,2,1,2,1,10
29,10,1,3,2,3,4,5,4,1,1,16
29,10,2,2,1,2,3,3,2,1,2,11
29,10,3,3,2,2,4,4,1,2,1,3
29,11,1,1,2,4,2,1,1,1,1,17
29,11,2,2,1,4,2,2,4,2,2,15
29,11,3,2,2,2,2,6,4,2,1,14
29,12,1,1,2,1,3,3,4,1,2,9
29,12,2,1,1,4,4,3,2,2,2,9
29,12,3,3,1,1,1,1,4,2,2,7
30,1,1,1,3,3,1,4,2,1,1,8
30,1,2,3,2,2,2,3,1,1,1,7
30,1,3,2,2,1,3,4,3,2,2,3
30,2,1,2,3,3,2,1,4,2,2,17
30,2,2,3,3,4,1,2,2,1,1,18
30,2,3,2,3,4,2,2,3,1,1,19
30,3,1,2,1,2,4,3,1,2,2,5
30,3,2,2,1,1,2,2,3,2,2,6
30,3,3,3,3,2,4,6,4,2,2,6
30,4,1,1,1,2,1,3,4,1,2,8
30,4,2,3,2,1,4,5,4,2,1,5
30,4,3,1,2,3,4,5,2,1,1,13
30,5,1,3,3,2,1,5,2,2,1,13
30,5,2,3,1,4,2,3,3,2,1,14
30,5,3,1,3,1,3,6,2,2,2,12
30,6,1,2,3,2,3,6,3,2,1,15
30,6,2,2,3,3,2,3,2,2,2,15
30,6,3,3,1,1,1,6,3,1,2,7
30,7,1,3,2,3,1,1,4,1,1,12
30,7,2,3,3,2,2,4,3,1,1,14
30,7,3,2,3,3,1,4,1,1,2,10
30,8,1,3,2,4,1,3,4,2,2,17
30,8,2,1,1,2,3,6,2,2,2,10
30,8,3,3,1,3,2,1,1,1,2,8
30,9,1,3,3,4,3,1,3,2,2,12
30,9,2,3,1,4,3,3,3,2,2,15
30,9,3,1,2,3,4,3,4,1,2,12
30,10,1,1,3,2,3,2,1,1,2,6
30,10,2,3,3,3,1,3,4,2,1,12
30,10,3,1,2,1,4,4,3,1,1,3
30,11,1,3,3,2,3,5,3,2,1,10
30,11,2,1,1,2,2,2,2,2,1,7
30,11,3,1,2,2,1,3,3,2,1,4
30,12,1,1,3,1,2,4,2,1,2,10
30,12,2,3,2,3,3,4,1,1,1,16
30,12,3,2,3,4,3,5,2,1,1,16
31,1,1,1,3,4,2,5,1,1,1,12
31,1,2,1,3,3,4,2,3,2,1,9
31,1,3,2,2,2,1,4,2,2,2,3
31,2,1,1,3,4,1,6,3,1,2,20
31,2,2,2,1,4,2,3,2,1,1,19
31,2,3,1,1,4,4,6,3,2,2,17
31,3,1,2,1,1,1,3,2,1,2,5
31,3,2,3,1,2,4,4,2,2,2,8
31,3,3,3,3,1,2,6,2,1,2,11
31,4,1,2,1,2,1,3,4,2,1,5
31,4,2,2,3,2,4,3,1,2,1,2
31,4,3,1,2,2,4,5,4,1,2,7
31,5,1,2,2,3,4,5,3,1,1,15
31,5,2,1,1,3,3,3,4,2,1,15
31,5,3,1,2,2,2,1,2,1,2,14
31,6,1,1,1,4,1,5,4,1,2,13
31,6,2,1,2,2,3,1,2,1,2,9
31,6,3,2,2,4,4,5,3,2,2,14
31,7,1,2,2,3,3,3,4,1,2,11
31,7,2,1,2,4,4,6,3,2,1,15
31,7,3,2,3,3,1,6,1,1,2,11
31,8,1,3,2,3,2,1,2,2,2,9
31,8,2,2,1,2,4,6,4,2,1,9
31,8,3,2,3,4,4,1,2,2,2,11
31,9,1,1,2,4,1,4,4,2,1,18
31,9,2,2,3,3,1,1,3,1,1,16
31,9,3,1,2,4,1,2,2,2,1,18
31,10,1,2,2,1,2,2,1,2,1,4
31,10,2,1,2,1,2,5,1,2,1,7
31,10,3,3,1,1,1,5,1,1,2,2
31,11,1,3,2,3,4,2,4,2,2,11
31,11,2,1,2,3,2,2,1,1,2,9
31,11,3,3,1,1,4,6,1,2,2,1
31,12,1,1,3,1,3,5,1,1,1,4
31,12,2,3,1,1,4,4,2,2,1,3
31,12,3,2,1,1,2,5,1,2,2,8
32,1,1,3,1,3,2,3,3,1,1,20
32,1,2,1,3,3,2,5,4,2,1,18
32,1,3,2,1,4,3,6,2,1,2,18
32,2,1,3,1,2,1,1,1,1,1,2
32,2,2,3,3,1,4,4,4,1,1,5
32,2,3,1,2,3,1,4,4,1,2,6
32,3,1,2,1,3,4,6,1,2,1,4
32,3,2,2,3,3,1,1,4,1,1,10
32,3,3,3,3,1,1,4,1,2,2,1
32,4,1,3,1,1,3,6,1,1,1,5
32,4,2,1,2,2,4,4,2,1,1,6
32,4,3,1,2,2,3,2,2,2,1,16
32,5,1,3,1,4,1,1,2,1,1,14
32,5,2,3,2,4,1,3,1,1,1,12
32,5,3,3,1,3,2,4,2,2,2,10
32,6,1,2,2,4,3,5,1,2,2,17
32,6,2,3,2,3,3,5,4,2,2,17
32,6,3,1,1,3,1,3,3,1,1,12
32,7,1,2,2,4,2,5,3,2,2,19
32,7,2,1,2,4,3,1,4,2,2,12
32,7,3,2,2,2,2,2,4,1,2,10
32,8,1,2,2,1,3,6,3,2,1,6
32,8,2,2,3,1,1,5,1,2,1,2
32,8,3,3,2,1,4,1,2,2,2,4
32,9,1,3,3,3,4,6,3,1,2,10
32,9,2,3,2,1,2,2,4,1,1,7
32,9,3,3,1,4,3,2,3,2,2,15
32,10,1,3,3,1,3,5,4,1,2,10
32,10,2,2,3,4,1,4,3,1,1,13
32,10,3,1,1,4,2,2,1,1,2,13
32,11,1,3,3,1,1,1,3,1,2,3
32,11,2,1,1,2,3,6,4,1,2,7
32,11,3,3,3,3,3,2,1,2,1,8
32,12,1,2,1,4,3,3,3,1,1,16
32,12,2,1,2,3,3,2,3,2,2,15
32,12,3,1,2,3,1,2,4,1,2,13
33,1,1,1,1,2,4,2,1,1,2,4
33,1,2,3,3,3,4,4,4,2,2,14
33,1,3,2,2,4,4,4,1,2,1,11
33,2,1,1,3,2,2,1,4,2,1,8
33,2,2,1,3,4,4,3,2,2,1,14
33,2,3,3,3,1,1,1,3,1,1,7
33,3,1,1,2,1,1,3,4,2,1,3
33,3,2,2,1,2,1,1,1,1,1,5
33,3,3,2,1,2,4,2,3,1,1,10
33,4,1,2,3,1,3,6,2,1,2,13
33,4,2,3,3,3,1,1,2,1,2,14
33,4,3,2,3,1,3,1,4,1,1,9
33,5,1,3,1,3,2,3,2,2,1,14
33,5,2,1,3,3,4,2,4,1,1,15
33,5,3,1,1,4,2,1,3,1,1,16
33,6,1,1,3,3,4,5,1,2,2,4
33,6,2,3,1,2,1,4,3,2,2,9
33,6,3,1,3,1,2,3,3,1,2,8
33,7,1,1,1,2,2,4,4,2,1,11
33,7,2,2,3,1,2,4,4,1,2,5
33,7,3,1,1,2,3,5,1,2,2,2
33,8,1,1,2,2,3,2,3,2,1,12
33,8,2,2,3,2,2,3,2,1,1,13
33,8,3,2,2,4,4,6,3,2,1,14
33,9,1,3,2,4,3,3,3,1,2,20
33,9,2,3,2,4,2,4,2,2,2,18
33,9,3,2,3,3,4,5,2,1,2,17
33,10,1,1,2,1,1,6,3,2,2,2
33,10,2,2,1,3,1,6,4,2,1,6
33,10,3,3,1,4,1,5,4,1,1,11
33,11,1,1,1,4,4,4,2,2,2,17
33,11,2,1,1,4,3,4,2,1,1,19
33,11,3,3,3,3,3,1,1,2,1,15
33,12,1,1,3,1,1,6,2,1,1,5
33,12,2,2,1,1,4,1,3,2,2,1
33,12,3,2,3,1,2,4,4,2,2,3
34,1,1,3,3,2,1,5,3,1,2,7
34,1,2,3,3,2,3,1,4,1,1,11
34,1,3,2,3,2,3,6,3,2,2,9
34,2,1,2,2,4,1,3,3,2,1,16
34,2,2,2,3,2,4,1,4,1,1,11
34,2,3,3,3,4,3,3,2,1,1,12
34,3,1,1,2,2,4,2,1,2,1,7
34,3,2,3,2,1,4,1,3,2,2,8
34,3,3,1,3,2,1,5,1,2,1,7
34,4,1,2,2,2,2,4,1,2,2,6
34,4,2,2,2,2,3,3,2,1,2,9
34,4,3,2,2,2,2,4,4,1,2,9
34,5,1,3,1,2,1,6,2,1,1,6
34,5,2,1,2,4,4,3,4,2,2,11
34,5,3,3,1,3,2,2,2,1,1,13
34,6,1,1,1,1,3,4,3,2,2,4
34,6,2,3,1,1,4,6,3,1,2,7
34,6,3,3,2,1,4,2,4,1,2,8
34,7,1,3,1,2,3,6,2,2,2,15
34,7,2,1,3,4,4,1,3,2,2,16
34,7,3,1,2,4,3,5,2,2,2,18
34,8,1,2,1,4,2,1,2,1,2,20
34,8,2,1,3,3,2,6,4,2,2,15
34,8,3,2,3,3,1,6,4,1,1,17
34,9,1,2,1,4,1,6,3,1,2,17
34,9,2,2,3,4,4,4,1,2,2,12
34,9,3,2,2,4,2,6,4,1,2,13
34,10,1,2,1,1,4,5,2,1,2,9
34,10,2,1,3,1,2,4,1,1,2,2
34,10,3,2,1,2,4,4,1,2,1,4
34,11,1,1,1,1,3,2,2,2,2,11
34,11,2,3,2,1,4,3,1,2,1,9
34,11,3,3,2,4,1,1,2,1,2,15
34,12,1,3,1,1,2,3,3,2,2,3
34,12,2,3,3,1,1,5,1,1,1,3
34,12,3,2,3,2,1,4,4,2,1,6
35,1,1,1,2,1,1,1,1,2,1,1
35,1,2,3,1,2,3,2,1,2,1,5
35,1,3,1,1,2,1,6,1,1,2,3
35,2,1,2,2,2,2,6,2,2,2,8
35,2,2,1,1,4,4,2,3,1,1,14
35,2,3,1,2,2,2,2,1,2,1,3
35,3,1,2,1,3,2,5,2,2,2,14
35,3,2,2,1,3,3,2,1,1,1,10
35,3,3,2,2,3,1,4,1,1,2,10
35,4,1,3,3,3,3,3,2,2,2,17
35,4,2,1,3,4,4,3,2,2,1,19
35,4,3,1,2,3,3,5,2,1,1,16
35,5,1,3,3,1,2,3,1,2,1,5
35,5,2,1,2,3,1,4,4,1,1,7
35,5,3,2,1,3,3,4,1,2,1,7
35,6,1,3,1,2,2,3,1,1,1,6
35,6,2,2,3,1,4,4,2,2,1,4
35,6,3,3,2,2,4,1,4,2,1,14
35,7,1,2,3,3,2,2,1,2,2,10
35,7,2,1,3,2,2,3,2,1,2,13
35,7,3,1,1,4,3,6,2,2,2,13
35,8,1,3,1,1,3,3,1,2,2,2
35,8,2,1,2,3,1,5,3,2,2,8
35,8,3,2,1,4,2,2,4,1,2,12
35,9,1,2,3,2,3,6,3,2,2,12
35,9,2,1,2,4,4,2,3,1,1,18
35,9,3,1,3,4,1,1,3,1,2,18
35,10,1,3,1,4,3,1,4,2,2,15
35,10,2,3,1,3,4,6,4,2,2,15
35,10,3,3,3,4,3,3,3,2,1,16
35,11,1,2,1,2,3,6,4,2,1,7
35,11,2,3,2,1,3,4,3,1,1,5
35,11,3,1,2,1,2,4,1,2,2,4
35,12,1,3,1,4,2,5,4,1,2,20
35,12,2,2,2,2,3,5,4,1,1,16
35,12,3,1,2,4,3,1,3,2,2,19
36,1,1,3,1,2,3,4,4,1,1,11
36,1,2,1,2,3,3,6,1,2,2,5
36,1,3,2,3,1,2,5,4,2,2,4
36,2,1,2,3,2,1,2,2,1,1,13
36,2,2,3,1,1,1,1,2,2,1,2
36,2,3,2,2,2,4,2,4,1,1,11
36,3,1,1,1,3,4,5,3,1,1,8
36,3,2,2,3,3,3,5,3,1,2,13
36,3,3,1,1,3,1,3,1,1,1,8
36,4,1,2,1,1,2,1,1,2,2,6
36,4,2,2,2,1,1,5,1,1,2,3
36,4,3,2,1,1,1,3,1,1,2,4
36,5,1,3,1,2,4,1,4,2,2,8
36,5,2,3,3,1,4,6,3,1,2,4
36,5,3,2,3,1,2,2,2,1,1,9
36,6,1,3,3,3,3,6,3,1,1,14
36,6,2,1,1,4,3,3,2,1,2,15
36,6,3,1,2,1,1,3,4,1,1,3
36,7,1,1,2,2,2,4,4,1,1,10
36,7,2,1,3,4,2,5,2,1,1,13
36,7,3,2,2,4,2,4,3,1,2,16
36,8,1,1,1,2,1,5,2,2,2,6
36,8,2,3,3,1,2,1,1,1,2,5
36,8,3,1,1,2,3,1,3,2,2,6
36,9,1,3,2,4,1,5,3,1,1,11
36,9,2,1,2,3,2,2,4,1,2,12
36,9,3,2,1,2,3,1,2,2,2,8
36,10,1,3,3,3,1,3,2,1,2,15
36,10,2,3,2,3,2,5,4,2,1,17
36,10,3,2,3,4,1,1,3,2,1,15
36,11,1,3,2,4,1,6,2,1,1,20
36,11,2,3,3,4,2,6,2,1,1,19
36,11,3,2,2,4,2,3,2,2,2,18
36,12,1,2,3,1,4,1,1,1,2,1
36,12,2,1,3,1,3,4,1,1,2,2
36,12,3,1,1,2,1,2,4,2,2,3
37,1,1,1,1,1,1,3,3,1,1,3
37,1,2,3,3,1,3,6,1,1,1,5
37,1,3,3,1,1,3,3,4,1,1,4
37,2,1,1,1,3,1,4,1,2,1,5
37,2,2,1,3,2,4,4,1,2,1,6
37,2,3,2,3,1,1,1,1,2,1,2
37,3,1,3,2,2,4,6,4,1,2,12
37,3,2,2,3,4,4,5,3,2,1,16
37,3,3,3,2,1,4,2,4,1,1,9
37,4,1,2,2,1,2,5,4,1,1,7
37,4,2,2,1,2,4,2,1,2,2,4
37,4,3,3,1,1,4,1,1,1,2,1
37,5,1,2,1,4,1,2,2,1,2,15
37,5,2,2,3,3,4,2,3,2,2,15
37,5,3,3,2,3,2,5,3,2,2,16
37,6,1,3,2,1,2,3,3,2,2,10
37,6,2,3,3,3,1,5,1,2,2,10
37,6,3,1,3,1,2,6,2,2,1,12
37,7,1,1,3,3,2,4,2,2,2,9
37,7,2,3,2,4,2,6,3,1,1,13
37,7,3,1,1,1,3,1,2,2,2,9
37,8,1,3,2,3,3,5,2,1,1,18
37,8,2,1,3,3,2,1,4,1,2,20
37,8,3,2,3,3,3,2,3,2,1,19
37,9,1,3,1,4,3,1,1,2,1,17
37,9,2,3,2,1,3,2,4,1,1,14
37,9,3,1,3,2,3,6,4,2,1,17
37,10,1,2,2,4,3,1,3,1,1,12
37,10,2,1,3,3,4,1,3,2,2,12
37,10,3,2,2,3,1,3,2,2,1,9
37,11,1,1,1,3,2,3,4,2,2,7
37,11,2,2,3,2,2,4,1,2,1,7
37,11,3,1,2,3,4,2,4,1,2,12
37,12,1,1,2,4,4,2,3,2,1,10
37,12,2,2,1,2,2,6,2,1,2,7
37,12,3,1,3,1,4,5,2,1,2,4
38,1,1,2,3,2,3,3,3,2,1,14
38,1,2,3,1,4,2,5,2,1,2,18
38,1,3,3,2,4,4,6,2,1,2,14
38,2,1,2,2,4,1,3,4,2,1,12
38,2,2,1,2,1,1,2,1,2,1,1
38,2,3,2,3,1,2,6,1,2,2,3
38,3,1,2,2,4,1,2,1,2,1,13
38,3,2,1,3,3,2,2,3,1,1,17
38,3,3,2,1,3,4,2,2,1,1,14
38,4,1,3,2,4,1,6,4,1,2,11
38,4,2,2,3,4,2,4,1,1,2,16
38,4,3,1,2,3,4,2,4,2,2,6
38,5,1,2,2,4,3,5,4,2,2,15
38,5,2,1,2,2,3,3,4,1,1,15
38,5,3,2,3,2,4,3,4,2,2,11
38,6,1,2,3,4,4,5,1,2,2,16
38,6,2,1,1,3,2,4,2,2,1,14
38,6,3,2,2,2,2,6,1,1,1,13
38,7,1,3,1,1,4,4,2,1,1,5
38,7,2,3,2,1,1,3,2,1,1,6
38,7,3,1,2,3,3,3,3,2,1,10
38,8,1,2,1,1,4,4,1,1,1,4
38,8,2,3,2,1,4,6,2,2,2,4
38,8,3,3,2,1,3,1,3,2,1,8
38,9,1,3,3,1,3,5,1,2,2,2
38,9,2,3,1,3,1,4,2,2,2,6
38,9,3,1,2,2,2,6,4,1,2,10
38,10,1,1,2,1,4,1,3,1,2,8
38,10,2,1,3,3,2,2,1,1,1,11
38,10,3,2,3,2,1,1,1,1,1,10
38,11,1,3,1,4,2,2,1,1,1,19
38,11,2,1,1,3,2,5,3,1,1,18
38,11,3,3,1,4,3,4,2,2,1,19
38,12,1,2,1,4,2,1,4,1,1,13
38,12,2,3,1,3,1,5,3,2,2,11
38,12,3,3,1,3,2,3,3,1,2,13
39,1,1,2,3,3,3,1,4,1,1,20
39,1,2,2,3,3,3,4,4,2,1,19
39,1,3,2,2,4,2,3,1,1,1,17
39,2,1,3,2,2,2,2,1,2,1,6
39,2,2,3,1,2,1,4,1,1,2,1
39,2,3,2,2,2,1,4,2,1,1,5
39,3,1,1,2,2,2,1,1,2,2,3
39,3,2,3,3,1,4,4,4,1,2,4
39,3,3,1,1,1,3,3,3,1,1,6
39,4,1,1,2,2,1,5,3,2,2,5
39,4,2,2,3,3,1,5,4,1,2,9
39,4,3,3,2,2,2,1,2,2,1,8
39,5,1,3,1,1,3,5,1,2,2,5
39,5,2,1,3,1,3,4,1,2,1,3
39,5,3,2,1,1,1,6,4,1,2,8
39,6,1,1,3,4,4,6,2,2,2,16
39,6,2,3,2,4,3,2,1,1,2,15
39,6,3,1,1,2,4,1,3,1,1,9
39,7,1,1,3,1,4,5,1,2,2,7
39,7,2,1,1,2,4,3,4,2,2,7
39,7,3,1,1,2,4,5,4,1,2,8
39,8,1,2,3,3,3,2,2,2,1,15
39,8,2,1,1,3,4,6,4,1,1,14
39,8,3,2,3,2,4,2,3,2,1,11
39,9,1,3,3,3,4,6,4,2,1,12
39,9,2,3,3,3,2,2,2,1,1,13
39,9,3,1,1,4,1,3,3,2,2,7
39,10,1,3,1,4,2,4,2,2,1,18
39,10,2,1,3,4,1,2,2,1,2,14
39,10,3,1,2,4,3,2,3,2,1,16
39,11,1,1,3,4,3,6,2,1,1,11
39,11,2,2,1,3,4,6,3,2,2,9
39,11,3,3,2,1,4,1,4,2,1,9
39,12,1,3,3,4,2,1,1,1,2,18
39,12,2,2,3,4,3,4,1,1,2,17
39,12,3,1,1,4,1,3,2,2,2,16
40,1,1,2,1,3,4,2,1,2,1,12
40,1,2,3,2,2,1,6,2,2,2,13
40,1,3,2,1,3,4,4,3,1,1,15
40,2,1,2,3,1,4,4,3,2,2,10
40,2,2,2,1,1,2,3,1,1,2,6
40,2,3,1,2,2,1,5,1,2,2,3
40,3,1,1,2,4,4,5,3,2,2,20
40,3,2,1,3,4,3,2,4,1,2,19
40,3,3,3,3,3,2,3,4,2,1,15
40,4,1,1,2,3,1,4,2,1,2,12
40,4,2,2,1,2,3,3,1,2,2,3
40,4,3,1,2,4,2,4,3,2,1,12
40,5,1,2,3,1,4,6,4,2,1,6
40,5,2,1,1,2,4,4,2,2,2,2
40,5,3,2,2,1,4,1,4,1,2,10
40,6,1,3,2,2,4,4,2,1,2,8
40,6,2,3,2,3,2,1,3,1,2,10
40,6,3,3,3,3,4,6,2,2,2,10
40,7,1,1,2,3,2,5,4,1,1,14
40,7,2,3,2,3,4,2,2,2,1,13
40,7,3,2,3,4,2,3,4,1,2,13
40,8,1,2,3,3,2,6,3,1,1,18
40,8,2,1,1,3,3,2,3,1,1,16
40,8,3,3,2,4,2,6,4,1,2,16
40,9,1,3,3,2,2,5,2,1,1,12
40,9,2,2,1,4,1,5,1,1,1,10
40,9,3,3,1,3,1,2,3,2,2,7
40,10,1,2,3,1,4,5,3,2,1,5
40,10,2,2,3,4,4,1,1,2,1,10
40,10,3,2,1,1,4,5,3,2,2,4
40,11,1,3,3,2,4,6,2,1,1,16
40,11,2,1,3,4,1,2,2,1,2,17
40,11,3,1,1,3,3,1,4,2,2,16
40,12,1,3,1,2,4,3,3,1,2,10
40,12,2,2,2,3,1,3,1,1,1,10
40,12,3,2,3,1,3,1,3,1,1,10
41,1,1,2,2,1,1,1,3,2,1,2
41,1,2,3,3,1,1,4,3,1,1,3
41,1,3,2,1,3,1,1,3,2,2,8
41,2,1,1,1,3,2,2,1,2,1,12
41,2,2,3,2,3,1,5,1,2,2,7
41,2,3,2,1,2,1,2,4,1,2,11
41,3,1,1,2,4,1,3,4,2,1,12
41,3,2,1,2,4,4,4,3,2,1,14
41,3,3,3,2,1,3,6,2,2,1,12
41,4,1,2,3,2,3,1,4,1,2,17
41,4,2,3,2,3,4,3,2,1,1,18
41,4,3,2,3,3,4,6,4,2,1,14
41,5,1,1,3,4,2,5,2,1,1,15
41,5,2,2,2,4,1,4,2,2,1,19
41,5,3,1,2,4,2,2,4,1,2,17
41,6,1,1,3,1,2,4,3,2,1,4
41,6,2,2,3,1,1,6,1,2,1,4
41,6,3,1,2,1,3,4,2,2,2,4
41,7,1,3,3,4,3,6,1,1,2,11
41,7,2,1,2,4,4,1,4,1,1,16
41,7,3,3,3,4,1,4,3,1,1,13
41,8,1,3,3,4,3,2,1,1,1,20
41,8,2,2,1,4,3,3,3,2,1,18
41,8,3,2,2,2,3,5,2,1,1,16
41,9,1,3,1,2,3,4,1,1,1,7
41,9,2,1,1,1,1,3,3,1,2,2
41,9,3,3,1,1,3,2,2,2,1,5
41,10,1,1,1,2,2,2,3,2,2,9
41,10,2,1,1,2,1,4,3,1,2,5
41,10,3,2,2,1,3,1,3,1,2,8
41,11,1,1,2,2,3,3,2,2,2,6
41,11,2,3,1,1,1,1,3,2,1,3
41,11,3,3,1,1,1,5,1,2,1,1
41,12,1,2,1,1,1,5,2,2,2,6
41,12,2,3,3,3,4,6,1,1,2,13
41,12,3,1,3,2,4,6,1,1,1,9
42,1,1,2,1,3,2,4,2,1,1,14
42,1,2,2,3,4,2,1,3,2,1,14
42,1,3,3,1,1,4,3,4,2,2,2
42,2,1,1,2,2,4,6,4,2,1,7
42,2,2,1,2,2,1,1,1,1,1,5
42,2,3,2,3,1,2,1,4,2,1,5
42,3,1,3,3,4,2,2,2,1,2,11
42,3,2,3,1,3,4,5,4,2,2,8
42,3,3,2,2,3,1,6,2,1,2,8
42,4,1,3,2,4,3,5,1,1,2,16
42,4,2,3,2,2,2,5,1,1,1,13
42,4,3,1,3,2,2,3,2,2,1,9
42,5,1,2,3,2,3,2,2,2,1,18
42,5,2,1,1,3,2,4,2,1,2,15
42,5,3,3,1,2,3,4,4,1,1,17
42,6,1,2,2,2,1,4,1,2,1,3
42,6,2,2,1,1,4,3,1,1,2,1
42,6,3,2,1,3,3,3,1,2,2,11
42,7,1,2,2,2,1,2,2,2,1,9
42,7,2,3,2,2,3,1,2,1,2,9
42,7,3,3,2,2,1,5,3,2,2,9
42,8,1,2,2,4,2,1,1,2,2,16
42,8,2,3,1,4,3,3,3,1,1,18
42,8,3,1,3,4,1,4,3,2,1,19
42,9,1,2,3,3,4,6,4,2,1,12
42,9,2,2,3,3,2,6,1,2,2,12
42,9,3,2,1,2,3,2,1,1,2,7
42,10,1,1,3,2,1,4,3,2,2,5
42,10,2,1,1,3,4,1,4,1,2,13
42,10,3,3,1,1,4,6,1,2,1,4
42,11,1,2,1,4,4,4,1,1,2,11
42,11,2,3,3,4,2,5,3,2,2,17
42,11,3,1,2,4,2,5,4,1,2,15
42,12,1,2,1,1,2,2,3,2,2,3
42,12,2,3,3,1,3,4,4,1,1,6
42,12,3,2,3,1,2,5,4,1,2,4
43,1,1,2,1,4,1,5,4,1,2,13
43,1,2,2,2,3,4,2,1,1,1,11
43,1,3,2,2,1,3,1,2,1,1,11
43,2,1,1,2,4,4,1,3,1,2,18
43,2,2,3,2,3,4,6,4,2,1,15
43,2,3,2,3,2,3,1,3,2,2,14
43,3,1,1,2,2,4,1,4,1,1,6
43,3,2,2,1,3,3,3,2,1,1,13
43,3,3,2,2,1,4,3,2,2,2,6
43,4,1,1,3,2,4,2,1,2,2,8
43,4,2,3,3,2,2,3,1,1,1,8
43,4,3,2,3,1,2,3,2,1,2,11
43,5,1,3,2,1,4,2,4,1,1,5
43,5,2,1,1,1,1,3,2,2,1,5
43,5,3,1,1,1,4,5,2,2,2,4
43,6,1,3,1,1,2,6,4,1,2,4
43,6,2,1,2,2,4,6,4,2,2,10
43,6,3,1,2,2,4,4,4,1,1,6
43,7,1,2,2,1,3,6,2,1,2,7
43,7,2,3,2,3,3,3,3,1,2,15
43,7,3,3,2,2,2,1,1,2,2,3
43,8,1,2,2,4,2,2,4,2,2,14
43,8,2,2,1,2,3,6,3,2,1,8
43,8,3,2,2,2,3,6,2,1,1,17
43,9,1,3,1,3,3,2,4,2,2,19
43,9,2,3,3,3,3,5,4,2,1,17
43,9,3,1,3,4,3,1,2,2,2,18
43,10,1,3,2,4,1,5,3,2,1,14
43,10,2,2,3,3,4,4,2,1,2,11
43,10,3,1,3,3,3,4,1,1,1,10
43,11,1,1,3,1,4,2,4,1,1,9
43,11,2,3,3,3,4,4,3,2,2,9
43,11,3,1,2,2,3,2,1,1,2,7
43,12,1,1,3,4,1,2,3,2,1,19
43,12,2,3,1,3,2,4,2,1,2,18
43,12,3,1,2,4,4,1,1,1,1,16
44,1,1,3,2,4,1,3,1,2,1,13
44,1,2,2,2,4,3,2,3,1,1,13
44,1,3,1,3,4,1,6,3,2,2,14
44,2,1,2,1,1,3,6,1,2,1,4
44,2,2,3,1,1,1,1,4,2,1,7
44,2,3,1,3,2,1,3,3,2,2,8
44,3,1,1,3,1,2,3,2,1,1,6
44,3,2,1,3,1,1,4,1,1,1,3
44,3,3,3,1,1,4,2,3,1,1,5
44,4,1,1,3,2,3,3,2,1,1,12
44,4,2,1,3,4,3,4,2,2,2,12
44,4,3,2,1,1,4,6,2,1,2,5
44,5,1,2,3,2,2,6,1,1,2,9
44,5,2,2,1,2,1,6,2,1,1,12
44,5,3,1,3,2,4,6,2,2,2,7
44,6,1,3,2,1,1,2,1,2,1,5
44,6,2,3,3,1,1,5,1,2,1,1
44,6,3,2,2,3,1,3,3,2,2,8
44,7,1,2,2,1,1,6,1,1,2,2
44,7,2,1,2,3,4,3,3,2,1,6
44,7,3,1,1,4,1,1,1,1,1,7
44,8,1,3,3,4,3,1,4,1,2,18
44,8,2,3,2,2,3,1,4,2,2,16
44,8,3,2,3,3,2,1,2,2,2,18
44,9,1,1,2,4,2,1,1,2,1,11
44,9,2,2,1,4,3,1,4,1,2,14
44,9,3,3,1,3,1,5,3,1,1,8
44,10,1,3,3,3,3,6,2,2,1,16
44,10,2,2,3,2,3,1,2,1,1,15
44,10,3,2,3,2,2,6,4,2,1,13
44,11,1,1,1,4,1,4,3,1,2,17
44,11,2,3,2,3,1,5,3,1,1,15
44,11,3,1,2,2,4,6,4,1,2,14
44,12,1,3,1,3,3,5,3,1,2,17
44,12,2,3,1,3,2,5,4,1,1,19
44,12,3,3,3,2,3,5,2,1,2,20
45,1,1,1,1,4,4,5,2,1,2,10
45,1,2,3,1,3,3,6,3,2,1,11
45,1,3,2,2,3,4,4,2,2,2,10
45,2,1,1,2,1,3,4,2,1,1,8
45,2,2,1,3,3,1,6,2,1,1,9
45,2,3,3,1,2,3,3,3,2,2,9
45,3,1,3,3,1,4,2,4,2,2,9
45,3,2,1,1,2,1,3,1,1,2,1
45,3,3,1,2,3,1,1,3,2,2,9
45,4,1,2,2,1,3,6,4,2,2,6
45,4,2,1,1,1,3,2,1,2,1,2
45,4,3,3,1,1,2,2,1,1,2,5
45,5,1,2,2,1,4,2,1,2,2,3
45,5,2,3,1,1,1,2,4,2,1,6
45,5,3,3,1,2,1,4,4,2,1,7
45,6,1,3,2,1,1,2,1,2,1,7
45,6,2,2,1,2,4,2,3,1,1,13
45,6,3,2,1,4,1,5,1,2,2,10
45,7,1,3,3,3,3,5,4,1,2,17
45,7,2,1,3,3,2,3,4,2,1,17
45,7,3,3,3,2,3,2,2,2,2,17
45,8,1,2,1,4,3,6,1,2,1,16
45,8,2,3,2,4,2,1,1,2,2,10
45,8,3,1,2,3,4,1,1,1,1,4
45,9,1,1,2,1,2,2,3,1,1,11
45,9,2,3,3,1,2,4,1,1,2,4
45,9,3,2,1,1,3,5,4,2,2,4
45,10,1,3,1,4,3,3,4,1,1,18
45,10,2,2,2,3,1,3,4,1,2,8
45,10,3,2,3,3,2,5,2,1,1,18
45,11,1,1,2,4,3,4,4,2,2,15
45,11,2,3,2,4,1,4,3,2,1,16
45,11,3,3,1,3,2,2,2,2,2,16
45,12,1,2,3,4,4,2,3,1,1,14
45,12,2,1,3,4,4,6,3,1,2,15
45,12,3,3,1,2,4,1,4,1,2,11
46,1,1,3,3,3,2,2,1,2,2,7
46,1,2,2,2,2,4,3,2,1,2,7
46,1,3,1,3,2,1,3,3,2,2,3
46,2,1,1,1,2,2,3,3,2,2,5
46,2,2,3,3,2,2,2,4,2,2,8
46,2,3,3,3,1,4,5,4,2,2,4
46,3,1,3,2,2,2,4,3,1,2,12
46,3,2,1,1,4,2,1,2,1,2,17
46,3,3,2,1,3,3,3,3,1,1,12
46,4,1,2,2,2,2,6,2,1,1,14
46,4,2,3,2,3,2,5,1,1,1,13
46,4,3,2,2,3,3,6,2,1,1,14
46,5,1,2,3,3,3,2,4,2,1,18
46,5,2,3,3,4,2,5,2,2,1,20
46,5,3,2,2,4,1,6,4,2,2,19
46,6,1,3,1,1,2,3,4,2,1,5
46,6,2,2,3,1,3,4,2,2,1,6
46,6,3,2,3,3,1,2,1,2,1,7
46,7,1,1,3,4,4,2,1,1,2,13
46,7,2,2,1,2,3,4,3,1,1,8
46,7,3,1,3,2,1,2,2,2,1,6
46,8,1,1,1,4,3,1,3,2,1,19
46,8,2,1,1,3,3,5,4,1,2,15
46,8,3,3,1,4,2,4,4,2,1,15
46,9,1,1,2,4,4,5,1,2,2,6
46,9,2,3,1,1,2,6,1,1,2,4
46,9,3,2,1,1,4,3,4,2,2,1
46,10,1,3,2,2,2,5,1,1,1,13
46,10,2,1,1,4,1,5,1,1,1,14
46,10,3,1,3,3,1,1,1,1,1,12
46,11,1,3,3,3,4,1,1,2,1,12
46,11,2,2,2,3,4,1,3,1,1,12
46,11,3,2,1,1,4,3,1,2,2,2
46,12,1,1,2,1,1,2,3,1,1,8
46,12,2,2,1,2,2,1,1,1,1,10
46,12,3,1,1,3,2,5,2,1,2,12
47,1,1,1,3,3,2,2,3,2,1,20
47,1,2,1,3,4,1,4,4,1,2,15
47,1,3,2,3,3,2,1,3,2,2,18
47,2,1,3,2,4,4,6,4,1,2,19
47,2,2,1,3,3,4,2,2,1,1,18
47,2,3,2,1,4,4,5,3,1,2,17
47,3,1,1,2,2,4,6,3,2,1,5
47,3,2,3,3,1,3,6,1,1,2,4
47,3,3,1,3,1,4,4,4,1,1,3
47,4,1,2,1,1,4,5,4,1,1,7
47,4,2,1,2,3,1,2,4,1,1,9
47,4,3,1,1,2,1,5,1,2,2,4
47,5,1,1,2,3,3,4,1,1,2,11
47,5,2,2,2,1,4,6,4,2,1,6
47,5,3,1,1,1,3,2,4,1,2,9
47,6,1,2,1,3,2,4,2,2,2,14
47,6,2,2,2,4,2,4,1,2,2,16
47,6,3,3,2,4,1,1,2,1,1,16
47,7,1,3,2,2,1,6,2,1,2,9
47,7,2,1,2,4,3,3,4,1,2,13
47,7,3,1,2,1,4,1,3,2,2,5
47,8,1,1,1,1,1,4,2,2,1,3
47,8,2,2,1,1,4,5,2,2,1,3
47,8,3,1,3,1,2,6,1,1,2,4
47,9,1,3,1,4,3,5,4,2,1,17
47,9,2,3,1,4,2,3,4,1,1,14
47,9,3,3,2,2,2,3,3,2,1,12
47,10,1,3,3,2,3,4,1,2,2,10
47,10,2,2,1,2,1,3,2,1,2,4
47,10,3,2,2,2,4,2,2,2,1,10
47,11,1,3,1,2,2,5,4,2,1,11
47,11,2,3,2,1,2,6,2,2,2,11
47,11,3,1,1,2,1,6,4,1,2,6
47,12,1,3,2,3,2,6,1,2,2,6
47,12,2,3,3,4,4,3,4,2,1,11
47,12,3,2,2,3,1,6,3,2,1,9
48,1,1,2,1,4,2,4,3,1,1,15
48,1,2,1,2,4,3,1,1,2,1,15
48,1,3,3,1,2,1,4,2,1,2,8
48,2,1,1,3,4,4,2,3,1,1,13
48,2,2,3,3,2,1,6,2,1,1,10
48,2,3,3,2,2,4,4,1,1,1,8
48,3,1,3,1,4,3,4,1,2,1,10
48,3,2,1,3,3,3,2,2,2,2,14
48,3,3,2,2,2,2,4,1,1,1,5
48,4,1,1,3,1,1,6,3,1,2,7
48,4,2,1,2,2,3,1,4,2,1,7
48,4,3,1,1,3,4,2,3,1,1,13
48,5,1,3,3,1,2,1,3,2,2,4
48,5,2,2,3,2,4,1,3,1,2,8
48,5,3,2,2,1,4,3,4,2,2,2
48,6,1,2,3,3,2,3,4,1,2,19
48,6,2,2,1,4,3,6,3,2,2,17
48,6,3,3,2,4,2,5,2,1,1,11
48,7,1,1,2,1,2,3,3,1,1,5
48,7,2,1,2,4,2,3,1,1,2,15
48,7,3,3,3,3,1,2,1,2,1,8
48,8,1,2,1,4,2,4,4,2,1,16
48,8,2,2,3,4,3,1,3,1,1,20
48,8,3,1,1,4,4,5,2,2,2,17
48,9,1,1,3,4,4,5,4,2,2,19
48,9,2,3,1,3,2,1,2,2,2,14
48,9,3,1,3,3,3,5,4,1,1,14
48,10,1,2,2,3,1,4,3,1,1,15
48,10,2,1,3,3,2,2,4,2,1,18
48,10,3,3,3,4,3,1,1,1,1,16
48,11,1,1,3,2,1,4,3,2,2,10
48,11,2,2,1,1,1,3,2,2,2,7
48,11,3,3,2,1,1,1,2,1,2,11
48,12,1,2,2,2,1,4,4,2,2,3
48,12,2,1,1,3,4,4,1,2,1,5
48,12,3,2,3,1,3,6,3,1,1,6
49,1,1,1,1,1,3,4,2,2,2,4
49,1,2,3,3,1,1,6,3,2,1,9
49,1,3,1,3,2,2,6,1,1,1,13
49,2,1,2,3,2,1,6,1,2,1,6
49,2,2,2,1,2,3,3,2,1,2,13
49,2,3,2,1,1,4,2,3,1,2,7
49,3,1,1,1,1,2,2,4,2,1,5
49,3,2,1,3,2,4,3,3,2,1,4
49,3,3,1,2,1,4,2,1,1,2,3
49,4,1,3,2,1,4,3,4,2,1,2
49,4,2,3,3,1,3,1,4,1,2,6
49,4,3,3,2,3,2,3,4,2,1,9
49,5,1,3,3,4,4,4,2,1,2,17
49,5,2,3,2,4,1,4,2,1,2,16
49,5,3,2,1,4,4,4,2,1,2,12
49,6,1,3,3,1,2,3,3,2,1,9
49,6,2,3,2,2,2,5,1,2,1,6
49,6,3,1,2,2,1,1,3,1,1,9
49,7,1,3,3,2,1,4,1,1,2,5
49,7,2,3,3,3,4,5,1,1,2,7
49,7,3,2,1,3,1,3,4,2,1,12
49,8,1,2,3,1,4,3,1,1,2,2
49,8,2,2,1,3,4,5,1,2,1,4
49,8,3,2,3,1,3,5,4,2,2,5
49,9,1,2,3,3,2,1,4,2,2,15
49,9,2,3,3,3,4,1,2,1,2,15
49,9,3,2,3,2,3,6,3,2,2,15
49,10,1,3,2,4,1,2,3,2,1,20
49,10,2,2,2,3,3,1,2,2,1,19
49,10,3,3,3,2,3,6,4,1,2,18
49,11,1,1,3,4,2,3,3,1,2,16
49,11,2,3,2,4,1,3,2,2,2,12
49,11,3,1,2,2,2,2,4,2,2,9
49,12,1,2,1,4,4,5,3,2,1,17
49,12,2,3,1,3,3,5,2,1,1,13
49,12,3,3,3,3,3,2,2,2,1,18
50,1,1,1,3,3,3,6,4,2,1,15
50,1,2,3,2,3,3,1,1,1,2,7
50,1,3,1,1,2,1,1,3,1,1,4
50,2,1,1,3,2,3,2,2,1,2,16
50,2,2,2,3,4,1,2,3,2,2,16
50,2,3,1,2,4,2,4,2,2,2,11
50,3,1,2,1,1,2,6,4,2,2,3
50,3,2,1,2,2,2,1,3,2,1,11
50,3,3,1,1,2,4,5,2,1,2,6
50,4,1,1,1,2,2,3,1,1,2,4
50,4,2,3,1,2,4,5,2,2,1,11
50,4,3,1,1,4,4,3,1,1,2,8
50,5,1,3,2,4,1,1,3,1,2,20
50,5,2,3,2,3,2,2,4,2,1,18
50,5,3,1,3,4,1,4,4,1,1,19
50,6,1,2,2,1,1,1,2,1,1,11
50,6,2,2,2,3,4,6,2,2,2,11
50,6,3,3,1,2,4,3,2,2,1,8
50,7,1,2,1,4,3,5,4,2,2,19
50,7,2,3,3,3,3,4,3,2,2,18
50,7,3,3,1,3,3,2,3,1,2,17
50,8,1,1,1,3,2,4,3,1,2,8
50,8,2,3,2,3,2,2,2,1,2,10
50,8,3,3,3,4,3,3,2,1,1,14
50,9,1,1,2,4,4,2,1,2,1,10
50,9,2,2,1,3,2,4,1,1,2,10
50,9,3,3,3,1,1,1,2,2,1,8
50,10,1,3,2,2,3,1,3,1,2,16
50,10,2,1,1,4,1,5,1,2,1,10
50,10,3,2,3,3,4,1,3,2,2,16
50,11,1,3,1,2,4,5,1,2,1,3
50,11,2,2,2,1,2,1,1,1,2,3
50,11,3,1,2,2,1,6,1,2,1,1
50,12,1,3,2,1,1,3,4,1,2,2
50,12,2,1,1,3,1,1,1,1,2,6
50,12,3,1,1,4,1,3,1,1,1,14
